key,pressed,released,user,hold_time,press_press_time,press_release_time,release_release_time
p,2021-10-20 11:18:50.223298,2021-10-20 11:18:50.356483,zihao,133185.0,94579.0,-38606.0,110394.0
a,2021-10-20 11:18:50.317877,2021-10-20 11:18:50.466877,zihao,149000.0,144129.0,-4871.0,116330.0
n,2021-10-20 11:18:50.462006,2021-10-20 11:18:50.583207,zihao,121201.0,262640.0,141439.0,294926.0
g,2021-10-20 11:18:50.724646,2021-10-20 11:18:50.878133,zihao,153487.0,193215.0,39728.0,206801.0
r,2021-10-20 11:18:50.917861,2021-10-20 11:18:51.084934,zihao,167073.0,112647.0,-54426.0,88783.0
a,2021-10-20 11:18:51.030508,2021-10-20 11:18:51.173717,zihao,143209.0,70962.0,-72247.0,54809.0
n,2021-10-20 11:18:51.101470,2021-10-20 11:18:51.228526,zihao,127056.0,741942.0,614886.0,748236.0
[backspace],2021-10-20 11:18:51.843412,2021-10-20 11:18:51.976762,zihao,133350.0,212612.0,79262.0,214220.0
m,2021-10-20 11:18:52.056024,2021-10-20 11:18:52.190982,zihao,134958.0,1002451.0,867493.0,974908.0
",",2021-10-20 11:18:53.058475,2021-10-20 11:18:53.165890,zihao,107415.0,155159.0,47744.0,159635.0
[space],2021-10-20 11:18:53.213634,2021-10-20 11:18:53.325525,zihao,111891.0,171859.0,59968.0,200295.0
o,2021-10-20 11:18:53.385493,2021-10-20 11:18:53.525820,zihao,140327.0,154924.0,14597.0,148293.0
r,2021-10-20 11:18:53.540417,2021-10-20 11:18:53.674113,zihao,133696.0,88101.0,-45595.0,90845.0
[space],2021-10-20 11:18:53.628518,2021-10-20 11:18:53.764958,zihao,136440.0,291082.0,154642.0,326377.0
h,2021-10-20 11:18:53.919600,2021-10-20 11:18:54.091335,zihao,171735.0,176599.0,4864.0,99474.0
o,2021-10-20 11:18:54.096199,2021-10-20 11:18:54.190809,zihao,94610.0,253064.0,158454.0,284109.0
l,2021-10-20 11:18:54.349263,2021-10-20 11:18:54.474918,zihao,125655.0,232475.0,106820.0,246380.0
o,2021-10-20 11:18:54.581738,2021-10-20 11:18:54.721298,zihao,139560.0,178306.0,38746.0,189188.0
a,2021-10-20 11:18:54.760044,2021-10-20 11:18:54.910486,zihao,150442.0,1050945.0,900503.0,1023094.0
l,2021-10-20 11:18:55.810989,2021-10-20 11:18:55.933580,zihao,122591.0,150420.0,27829.0,139943.0
p,2021-10-20 11:18:55.961409,2021-10-20 11:18:56.073523,zihao,112114.0,215113.0,102999.0,297344.0
h,2021-10-20 11:18:56.176522,2021-10-20 11:18:56.370867,zihao,194345.0,154758.0,-39587.0,117152.0
a,2021-10-20 11:18:56.331280,2021-10-20 11:18:56.488019,zihao,156739.0,283527.0,126788.0,281418.0
b,2021-10-20 11:18:56.614807,2021-10-20 11:18:56.769437,zihao,154630.0,149767.0,-4863.0,141364.0
e,2021-10-20 11:18:56.764574,2021-10-20 11:18:56.910801,zihao,146227.0,282238.0,136011.0,285401.0
t,2021-10-20 11:18:57.046812,2021-10-20 11:18:57.196202,zihao,149390.0,269937.0,120547.0,254165.0
i,2021-10-20 11:18:57.316749,2021-10-20 11:18:57.450367,zihao,133618.0,139273.0,5655.0,172120.0
c,2021-10-20 11:18:57.456022,2021-10-20 11:18:57.622487,zihao,166465.0,120287.0,-46178.0,76689.0
[space],2021-10-20 11:18:57.576309,2021-10-20 11:18:57.699176,zihao,122867.0,405285.0,282418.0,416147.0
s,2021-10-20 11:18:57.981594,2021-10-20 11:18:58.115323,zihao,133729.0,203096.0,69367.0,214643.0
e,2021-10-20 11:18:58.184690,2021-10-20 11:18:58.329966,zihao,145276.0,133012.0,-12264.0,138797.0
n,2021-10-20 11:18:58.317702,2021-10-20 11:18:58.468763,zihao,151061.0,169909.0,18848.0,167242.0
t,2021-10-20 11:18:58.487611,2021-10-20 11:18:58.636005,zihao,148394.0,285181.0,136787.0,271486.0
e,2021-10-20 11:18:58.772792,2021-10-20 11:18:58.907491,zihao,134699.0,127895.0,-6804.0,154145.0
n,2021-10-20 11:18:58.900687,2021-10-20 11:18:59.061636,zihao,160949.0,138158.0,-22791.0,156580.0
c,2021-10-20 11:18:59.038845,2021-10-20 11:18:59.218216,zihao,179371.0,150260.0,-29111.0,125863.0
e,2021-10-20 11:18:59.189105,2021-10-20 11:18:59.344079,zihao,154974.0,463634.0,308660.0,442790.0
",",2021-10-20 11:18:59.652739,2021-10-20 11:18:59.786869,zihao,134130.0,205436.0,71306.0,171553.0
[space],2021-10-20 11:18:59.858175,2021-10-20 11:18:59.958422,zihao,100247.0,162204.0,61957.0,177776.0
i,2021-10-20 11:19:00.020379,2021-10-20 11:19:00.136198,zihao,115819.0,131786.0,15967.0,167038.0
s,2021-10-20 11:19:00.152165,2021-10-20 11:19:00.303236,zihao,151071.0,218275.0,67204.0,215666.0
[space],2021-10-20 11:19:00.370440,2021-10-20 11:19:00.518902,zihao,148462.0,125949.0,-22513.0,111321.0
a,2021-10-20 11:19:00.496389,2021-10-20 11:19:00.630223,zihao,133834.0,594369.0,460535.0,581795.0
[space],2021-10-20 11:19:01.090758,2021-10-20 11:19:01.212018,zihao,121260.0,137167.0,15907.0,144298.0
s,2021-10-20 11:19:01.227925,2021-10-20 11:19:01.356316,zihao,128391.0,171148.0,42757.0,148496.0
e,2021-10-20 11:19:01.399073,2021-10-20 11:19:01.504812,zihao,105739.0,88242.0,-17497.0,139349.0
n,2021-10-20 11:19:01.487315,2021-10-20 11:19:01.644161,zihao,156846.0,174797.0,17951.0,169718.0
t,2021-10-20 11:19:01.662112,2021-10-20 11:19:01.813879,zihao,151767.0,244101.0,92334.0,225894.0
e,2021-10-20 11:19:01.906213,2021-10-20 11:19:02.039773,zihao,133560.0,208957.0,75397.0,226253.0
c,2021-10-20 11:19:02.115170,2021-10-20 11:19:02.266026,zihao,150856.0,532329.0,381473.0,522511.0
[backspace],2021-10-20 11:19:02.647499,2021-10-20 11:19:02.788537,zihao,141038.0,200037.0,58999.0,187634.0
n,2021-10-20 11:19:02.847536,2021-10-20 11:19:02.976171,zihao,128635.0,95055.0,-33580.0,132950.0
c,2021-10-20 11:19:02.942591,2021-10-20 11:19:03.109121,zihao,166530.0,104986.0,-61544.0,88255.0
e,2021-10-20 11:19:03.047577,2021-10-20 11:19:03.197376,zihao,149799.0,154763.0,4964.0,95381.0
[space],2021-10-20 11:19:03.202340,2021-10-20 11:19:03.292757,zihao,90417.0,357574.0,267157.0,443915.0
t,2021-10-20 11:19:03.559914,2021-10-20 11:19:03.736672,zihao,176758.0,147950.0,-28808.0,100353.0
h,2021-10-20 11:19:03.707864,2021-10-20 11:19:03.837025,zihao,129161.0,106172.0,-22989.0,132234.0
a,2021-10-20 11:19:03.814036,2021-10-20 11:19:03.969259,zihao,155223.0,170763.0,15540.0,167306.0
t,2021-10-20 11:19:03.984799,2021-10-20 11:19:04.136565,zihao,151766.0,207716.0,55950.0,206943.0
[space],2021-10-20 11:19:04.192515,2021-10-20 11:19:04.343508,zihao,150993.0,190951.0,39958.0,202457.0
c,2021-10-20 11:19:04.383466,2021-10-20 11:19:04.545965,zihao,162499.0,117004.0,-45495.0,34336.0
o,2021-10-20 11:19:04.500470,2021-10-20 11:19:04.580301,zihao,79831.0,33830.0,-46001.0,103777.0
n,2021-10-20 11:19:04.534300,2021-10-20 11:19:04.684078,zihao,149778.0,294021.0,144243.0,299182.0
t,2021-10-20 11:19:04.828321,2021-10-20 11:19:04.983260,zihao,154939.0,207317.0,52378.0,173928.0
i,2021-10-20 11:19:05.035638,2021-10-20 11:19:05.157188,zihao,121550.0,38698.0,-82852.0,44174.0
a,2021-10-20 11:19:05.074336,2021-10-20 11:19:05.201362,zihao,127026.0,328065.0,201039.0,341091.0
[backspace],2021-10-20 11:19:05.402401,2021-10-20 11:19:05.542453,zihao,140052.0,563210.0,423158.0,590523.0
[backspace],2021-10-20 11:19:05.965611,2021-10-20 11:19:06.132976,zihao,167365.0,171529.0,4164.0,127157.0
a,2021-10-20 11:19:06.137140,2021-10-20 11:19:06.260133,zihao,122993.0,161937.0,38944.0,172634.0
i,2021-10-20 11:19:06.299077,2021-10-20 11:19:06.432767,zihao,133690.0,176816.0,43126.0,176332.0
n,2021-10-20 11:19:06.475893,2021-10-20 11:19:06.609099,zihao,133206.0,143896.0,10690.0,183121.0
s,2021-10-20 11:19:06.619789,2021-10-20 11:19:06.792220,zihao,172431.0,382158.0,209727.0,331896.0
[space],2021-10-20 11:19:07.001947,2021-10-20 11:19:07.124116,zihao,122169.0,395356.0,273187.0,401517.0
e,2021-10-20 11:19:07.397303,2021-10-20 11:19:07.525633,zihao,128330.0,278473.0,150143.0,288181.0
v,2021-10-20 11:19:07.675776,2021-10-20 11:19:07.813814,zihao,138038.0,114793.0,-23245.0,178411.0
e,2021-10-20 11:19:07.790569,2021-10-20 11:19:07.992225,zihao,201656.0,140227.0,-61429.0,71440.0
r,2021-10-20 11:19:07.930796,2021-10-20 11:19:08.063665,zihao,132869.0,293986.0,161117.0,294359.0
y,2021-10-20 11:19:08.224782,2021-10-20 11:19:08.358024,zihao,133242.0,184563.0,51321.0,184300.0
[space],2021-10-20 11:19:08.409345,2021-10-20 11:19:08.542324,zihao,132979.0,163112.0,30133.0,174472.0
l,2021-10-20 11:19:08.572457,2021-10-20 11:19:08.716796,zihao,144339.0,115342.0,-28997.0,133136.0
e,2021-10-20 11:19:08.687799,2021-10-20 11:19:08.849932,zihao,162133.0,144012.0,-18121.0,88163.0
t,2021-10-20 11:19:08.831811,2021-10-20 11:19:08.938095,zihao,106284.0,162400.0,56116.0,177894.0
t,2021-10-20 11:19:08.994211,2021-10-20 11:19:09.115989,zihao,121778.0,137087.0,15309.0,166587.0
e,2021-10-20 11:19:09.131298,2021-10-20 11:19:09.282576,zihao,151278.0,84705.0,-66573.0,71372.0
r,2021-10-20 11:19:09.216003,2021-10-20 11:19:09.353948,zihao,137945.0,126069.0,-11876.0,151979.0
[space],2021-10-20 11:19:09.342072,2021-10-20 11:19:09.505927,zihao,163855.0,191948.0,28093.0,152456.0
o,2021-10-20 11:19:09.534020,2021-10-20 11:19:09.658383,zihao,124363.0,89777.0,-34586.0,120239.0
f,2021-10-20 11:19:09.623797,2021-10-20 11:19:09.778622,zihao,154825.0,165364.0,10539.0,156919.0
[space],2021-10-20 11:19:09.789161,2021-10-20 11:19:09.935541,zihao,146380.0,232225.0,85845.0,247209.0
t,2021-10-20 11:19:10.021386,2021-10-20 11:19:10.182750,zihao,161364.0,132490.0,-28874.0,106912.0
h,2021-10-20 11:19:10.153876,2021-10-20 11:19:10.289662,zihao,135786.0,94856.0,-40930.0,142669.0
e,2021-10-20 11:19:10.248732,2021-10-20 11:19:10.432331,zihao,183599.0,218361.0,34762.0,168361.0
r,2021-10-20 11:19:10.467093,2021-10-20 11:19:10.600692,zihao,133599.0,1071428.0,937829.0,1065817.0
[backspace],2021-10-20 11:19:11.538521,2021-10-20 11:19:11.666509,zihao,127988.0,210558.0,82570.0,210688.0
[space],2021-10-20 11:19:11.749079,2021-10-20 11:19:11.877197,zihao,128118.0,400022.0,271904.0,400288.0
a,2021-10-20 11:19:12.149101,2021-10-20 11:19:12.277485,zihao,128384.0,172605.0,44221.0,172075.0
l,2021-10-20 11:19:12.321706,2021-10-20 11:19:12.449560,zihao,127854.0,1288080.0,1160226.0,1286333.0
h,2021-10-20 11:19:13.609786,2021-10-20 11:19:13.735893,zihao,126107.0,93056.0,-33051.0,118150.0
a,2021-10-20 11:19:13.702842,2021-10-20 11:19:13.854043,zihao,151201.0,1164890.0,1013689.0,1136409.0
[backspace],2021-10-20 11:19:14.867732,2021-10-20 11:19:14.990452,zihao,122720.0,168258.0,45538.0,178289.0
[backspace],2021-10-20 11:19:15.035990,2021-10-20 11:19:15.168741,zihao,132751.0,355408.0,222657.0,328381.0
p,2021-10-20 11:19:15.391398,2021-10-20 11:19:15.497122,zihao,105724.0,263484.0,157760.0,273813.0
h,2021-10-20 11:19:15.654882,2021-10-20 11:19:15.770935,zihao,116053.0,81609.0,-34444.0,127067.0
a,2021-10-20 11:19:15.736491,2021-10-20 11:19:15.898002,zihao,161511.0,177492.0,15981.0,162102.0
b,2021-10-20 11:19:15.913983,2021-10-20 11:19:16.060104,zihao,146121.0,203005.0,56884.0,195521.0
a,2021-10-20 11:19:16.116988,2021-10-20 11:19:16.255625,zihao,138637.0,178157.0,39520.0,191207.0
t,2021-10-20 11:19:16.295145,2021-10-20 11:19:16.446832,zihao,151687.0,249887.0,98200.0,220987.0
[space],2021-10-20 11:19:16.545032,2021-10-20 11:19:16.667819,zihao,122787.0,117923.0,-4864.0,143920.0
a,2021-10-20 11:19:16.662955,2021-10-20 11:19:16.811739,zihao,148784.0,209571.0,60787.0,190046.0
t,2021-10-20 11:19:16.872526,2021-10-20 11:19:17.001785,zihao,129259.0,581977.0,452718.0,597076.0
[space],2021-10-20 11:19:17.454503,2021-10-20 11:19:17.598861,zihao,144358.0,261872.0,117514.0,231137.0
l,2021-10-20 11:19:17.716375,2021-10-20 11:19:17.829998,zihao,113623.0,110710.0,-2913.0,175040.0
e,2021-10-20 11:19:17.827085,2021-10-20 11:19:18.005038,zihao,177953.0,148415.0,-29538.0,143522.0
a,2021-10-20 11:19:17.975500,2021-10-20 11:19:18.148560,zihao,173060.0,695128.0,522068.0,677108.0
s,2021-10-20 11:19:18.670628,2021-10-20 11:19:18.825668,zihao,155040.0,216835.0,61795.0,235987.0
t,2021-10-20 11:19:18.887463,2021-10-20 11:19:19.061655,zihao,174192.0,287442.0,113250.0,236386.0
[space],2021-10-20 11:19:19.174905,2021-10-20 11:19:19.298041,zihao,123136.0,314098.0,190962.0,323505.0
o,2021-10-20 11:19:19.489003,2021-10-20 11:19:19.621546,zihao,132543.0,127826.0,-4717.0,143956.0
n,2021-10-20 11:19:19.616829,2021-10-20 11:19:19.765502,zihao,148673.0,105045.0,-43628.0,155330.0
c,2021-10-20 11:19:19.721874,2021-10-20 11:19:19.920832,zihao,198958.0,137815.0,-61143.0,94915.0
e,2021-10-20 11:19:19.859689,2021-10-20 11:19:20.015747,zihao,156058.0,1156484.0,1000426.0,1127858.0
.,2021-10-20 11:19:21.016173,2021-10-20 11:19:21.143605,zihao,127432.0,283903.0,156471.0,267471.0
[space],2021-10-20 11:19:21.300076,2021-10-20 11:19:21.411076,zihao,111000.0,1009291.0,898291.0,1054647.0
[caps_lock],2021-10-20 11:19:22.309367,2021-10-20 11:19:22.465723,zihao,156356.0,422409.0,266053.0,399643.0
t,2021-10-20 11:19:22.731776,2021-10-20 11:19:22.865366,zihao,133590.0,143528.0,9938.0,138429.0
[caps_lock],2021-10-20 11:19:22.875304,2021-10-20 11:19:23.003795,zihao,128491.0,156034.0,27543.0,139168.0
h,2021-10-20 11:19:23.031338,2021-10-20 11:19:23.142963,zihao,111625.0,134578.0,22953.0,162035.0
e,2021-10-20 11:19:23.165916,2021-10-20 11:19:23.304998,zihao,139082.0,224045.0,84963.0,133414.0
[space],2021-10-20 11:19:23.389961,2021-10-20 11:19:23.438412,zihao,48451.0,326942.0,278491.0,436561.0
m,2021-10-20 11:19:23.716903,2021-10-20 11:19:23.874973,zihao,158070.0,144283.0,-13787.0,113950.0
o,2021-10-20 11:19:23.861186,2021-10-20 11:19:23.988923,zihao,127737.0,132567.0,4830.0,128079.0
s,2021-10-20 11:19:23.993753,2021-10-20 11:19:24.117002,zihao,123249.0,285062.0,161813.0,312057.0
t,2021-10-20 11:19:24.278815,2021-10-20 11:19:24.429059,zihao,150244.0,259830.0,109586.0,243124.0
[space],2021-10-20 11:19:24.538645,2021-10-20 11:19:24.672183,zihao,133538.0,265851.0,132313.0,277093.0
f,2021-10-20 11:19:24.804496,2021-10-20 11:19:24.949276,zihao,144780.0,110688.0,-34092.0,94340.0
a,2021-10-20 11:19:24.915184,2021-10-20 11:19:25.043616,zihao,128432.0,122715.0,-5717.0,167507.0
m,2021-10-20 11:19:25.037899,2021-10-20 11:19:25.211123,zihao,173224.0,176147.0,2923.0,115484.0
o,2021-10-20 11:19:25.214046,2021-10-20 11:19:25.326607,zihao,112561.0,116446.0,3885.0,171534.0
u,2021-10-20 11:19:25.330492,2021-10-20 11:19:25.498141,zihao,167649.0,227708.0,60059.0,221634.0
s,2021-10-20 11:19:25.558200,2021-10-20 11:19:25.719775,zihao,161575.0,197968.0,36393.0,187137.0
[space],2021-10-20 11:19:25.756168,2021-10-20 11:19:25.906912,zihao,150744.0,357684.0,206940.0,372764.0
p,2021-10-20 11:19:26.113852,2021-10-20 11:19:26.279676,zihao,165824.0,156098.0,-9726.0,139165.0
a,2021-10-20 11:19:26.269950,2021-10-20 11:19:26.418841,zihao,148891.0,72106.0,-76785.0,72546.0
n,2021-10-20 11:19:26.342056,2021-10-20 11:19:26.491387,zihao,149331.0,224063.0,74732.0,207680.0
g,2021-10-20 11:19:26.566119,2021-10-20 11:19:26.699067,zihao,132948.0,197312.0,64364.0,221099.0
r,2021-10-20 11:19:26.763431,2021-10-20 11:19:26.920166,zihao,156735.0,110780.0,-45955.0,93490.0
a,2021-10-20 11:19:26.874211,2021-10-20 11:19:27.013656,zihao,139445.0,100383.0,-39062.0,94258.0
n,2021-10-20 11:19:26.974594,2021-10-20 11:19:27.107914,zihao,133320.0,712893.0,579573.0,691449.0
[backspace],2021-10-20 11:19:27.687487,2021-10-20 11:19:27.799363,zihao,111876.0,184107.0,72231.0,234423.0
m,2021-10-20 11:19:27.871594,2021-10-20 11:19:28.033786,zihao,162192.0,281956.0,119764.0,253246.0
[space],2021-10-20 11:19:28.153550,2021-10-20 11:19:28.287032,zihao,133482.0,318163.0,184681.0,318100.0
i,2021-10-20 11:19:28.471713,2021-10-20 11:19:28.605132,zihao,133419.0,109906.0,-23513.0,120888.0
s,2021-10-20 11:19:28.581619,2021-10-20 11:19:28.726020,zihao,144401.0,88387.0,-56014.0,90023.0
[space],2021-10-20 11:19:28.670006,2021-10-20 11:19:28.816043,zihao,146037.0,278041.0,132004.0,299200.0
p,2021-10-20 11:19:28.948047,2021-10-20 11:19:29.115243,zihao,167196.0,212062.0,44866.0,189461.0
r,2021-10-20 11:19:29.160109,2021-10-20 11:19:29.304704,zihao,144595.0,60566.0,-84029.0,44773.0
o,2021-10-20 11:19:29.220675,2021-10-20 11:19:29.349477,zihao,128802.0,226387.0,97585.0,259347.0
b,2021-10-20 11:19:29.447062,2021-10-20 11:19:29.608824,zihao,161762.0,187120.0,25358.0,170168.0
a,2021-10-20 11:19:29.634182,2021-10-20 11:19:29.778992,zihao,144810.0,131904.0,-12906.0,127461.0
b,2021-10-20 11:19:29.766086,2021-10-20 11:19:29.906453,zihao,140367.0,218366.0,77999.0,205603.0
l,2021-10-20 11:19:29.984452,2021-10-20 11:19:30.112056,zihao,127604.0,221442.0,93838.0,260788.0
y,2021-10-20 11:19:30.205894,2021-10-20 11:19:30.372844,zihao,166950.0,231444.0,64494.0,187957.0
[space],2021-10-20 11:19:30.437338,2021-10-20 11:19:30.560801,zihao,123463.0,334516.0,211053.0,351409.0
t,2021-10-20 11:19:30.771854,2021-10-20 11:19:30.912210,zihao,140356.0,133553.0,-6803.0,121826.0
h,2021-10-20 11:19:30.905407,2021-10-20 11:19:31.034036,zihao,128629.0,72166.0,-56463.0,94836.0
e,2021-10-20 11:19:30.977573,2021-10-20 11:19:31.128872,zihao,151299.0,542148.0,390849.0,526991.0
[space],2021-10-20 11:19:31.519721,2021-10-20 11:19:31.655863,zihao,136142.0,888315.0,752173.0,915019.0
t,2021-10-20 11:19:32.408036,2021-10-20 11:19:32.570882,zihao,162846.0,110830.0,-52016.0,88404.0
h,2021-10-20 11:19:32.518866,2021-10-20 11:19:32.659286,zihao,140420.0,150800.0,10380.0,121062.0
i,2021-10-20 11:19:32.669666,2021-10-20 11:19:32.780348,zihao,110682.0,136661.0,25979.0,174940.0
r,2021-10-20 11:19:32.806327,2021-10-20 11:19:32.955288,zihao,148961.0,763482.0,614521.0,758989.0
t,2021-10-20 11:19:33.569809,2021-10-20 11:19:33.714277,zihao,144468.0,162216.0,17748.0,141295.0
y,2021-10-20 11:19:33.732025,2021-10-20 11:19:33.855572,zihao,123547.0,730692.0,607145.0,651093.0
0,2021-10-20 11:19:34.462717,2021-10-20 11:19:34.506665,zihao,43948.0,568771.0,524823.0,697379.0
[num_lock],2021-10-20 11:19:35.031488,2021-10-20 11:19:35.204044,zihao,172556.0,248317.0,75761.0,209120.0
-,2021-10-20 11:19:35.279805,2021-10-20 11:19:35.413164,zihao,133359.0,186036.0,52677.0,185520.0
f,2021-10-20 11:19:35.465841,2021-10-20 11:19:35.598684,zihao,132843.0,128931.0,-3912.0,162046.0
i,2021-10-20 11:19:35.594772,2021-10-20 11:19:35.760730,zihao,165958.0,181765.0,15807.0,160973.0
v,2021-10-20 11:19:35.776537,2021-10-20 11:19:35.921703,zihao,145166.0,116709.0,-28457.0,109469.0
e,2021-10-20 11:19:35.893246,2021-10-20 11:19:36.031172,zihao,137926.0,209517.0,71591.0,216468.0
[space],2021-10-20 11:19:36.102763,2021-10-20 11:19:36.247640,zihao,144877.0,326953.0,182076.0,348803.0
[backspace],2021-10-20 11:19:36.429716,2021-10-20 11:19:36.596443,zihao,166727.0,382144.0,215417.0,333577.0
-,2021-10-20 11:19:36.811860,2021-10-20 11:19:36.930020,zihao,118160.0,253240.0,135080.0,260583.0
l,2021-10-20 11:19:37.065100,2021-10-20 11:19:37.190603,zihao,125503.0,116751.0,-8752.0,114112.0
e,2021-10-20 11:19:37.181851,2021-10-20 11:19:37.304715,zihao,122864.0,153382.0,30518.0,146872.0
t,2021-10-20 11:19:37.335233,2021-10-20 11:19:37.451587,zihao,116354.0,170654.0,54300.0,194298.0
t,2021-10-20 11:19:37.505887,2021-10-20 11:19:37.645885,zihao,139998.0,163947.0,23949.0,173411.0
e,2021-10-20 11:19:37.669834,2021-10-20 11:19:37.819296,zihao,149462.0,65971.0,-83491.0,43654.0
r,2021-10-20 11:19:37.735805,2021-10-20 11:19:37.862950,zihao,127145.0,469272.0,342127.0,442158.0
-,2021-10-20 11:19:38.205077,2021-10-20 11:19:38.305108,zihao,100031.0,229008.0,128977.0,267205.0
l,2021-10-20 11:19:38.434085,2021-10-20 11:19:38.572313,zihao,138228.0,218492.0,80264.0,171970.0
o,2021-10-20 11:19:38.652577,2021-10-20 11:19:38.744283,zihao,91706.0,186713.0,95007.0,211943.0
n,2021-10-20 11:19:38.839290,2021-10-20 11:19:38.956226,zihao,116936.0,201935.0,84999.0,197756.0
g,2021-10-20 11:19:39.041225,2021-10-20 11:19:39.153982,zihao,112757.0,446278.0,333521.0,455189.0
[space],2021-10-20 11:19:39.487503,2021-10-20 11:19:39.609171,zihao,121668.0,453599.0,331931.0,635503.0
[shift],2021-10-20 11:19:39.941102,2021-10-20 11:19:40.244674,zihao,303572.0,192290.0,-111282.0,-8789.0
"""",2021-10-20 11:19:40.133392,2021-10-20 11:19:40.235885,zihao,102493.0,609680.0,507187.0,675964.0
[caps_lock],2021-10-20 11:19:40.743072,2021-10-20 11:19:40.911849,zihao,168777.0,281282.0,112505.0,256953.0
t,2021-10-20 11:19:41.024354,2021-10-20 11:19:41.168802,zihao,144448.0,159028.0,14580.0,154688.0
[caps_lock],2021-10-20 11:19:41.183382,2021-10-20 11:19:41.323490,zihao,140108.0,143999.0,3891.0,115251.0
h,2021-10-20 11:19:41.327381,2021-10-20 11:19:41.438741,zihao,111360.0,147579.0,36219.0,164912.0
e,2021-10-20 11:19:41.474960,2021-10-20 11:19:41.603653,zihao,128693.0,174766.0,46073.0,168992.0
[space],2021-10-20 11:19:41.649726,2021-10-20 11:19:41.772645,zihao,122919.0,774332.0,651413.0,795405.0
q,2021-10-20 11:19:42.424058,2021-10-20 11:19:42.568050,zihao,143992.0,126253.0,-17739.0,95052.0
u,2021-10-20 11:19:42.550311,2021-10-20 11:19:42.663102,zihao,112791.0,187410.0,74619.0,203312.0
i,2021-10-20 11:19:42.737721,2021-10-20 11:19:42.866414,zihao,128693.0,182538.0,53845.0,210100.0
c,2021-10-20 11:19:42.920259,2021-10-20 11:19:43.076514,zihao,156255.0,110504.0,-45751.0,110809.0
k,2021-10-20 11:19:43.030763,2021-10-20 11:19:43.187323,zihao,156560.0,251685.0,95125.0,239851.0
[space],2021-10-20 11:19:43.282448,2021-10-20 11:19:43.427174,zihao,144726.0,193385.0,48659.0,215408.0
b,2021-10-20 11:19:43.475833,2021-10-20 11:19:43.642582,zihao,166749.0,209229.0,42480.0,194489.0
r,2021-10-20 11:19:43.685062,2021-10-20 11:19:43.837071,zihao,152009.0,133453.0,-18556.0,119744.0
o,2021-10-20 11:19:43.818515,2021-10-20 11:19:43.956815,zihao,138300.0,177200.0,38900.0,222735.0
w,2021-10-20 11:19:43.995715,2021-10-20 11:19:44.179550,zihao,183835.0,733002.0,549167.0,654931.0
n,2021-10-20 11:19:44.728717,2021-10-20 11:19:44.834481,zihao,105764.0,219239.0,113475.0,241635.0
[space],2021-10-20 11:19:44.947956,2021-10-20 11:19:45.076116,zihao,128160.0,408820.0,280660.0,451398.0
f,2021-10-20 11:19:45.356776,2021-10-20 11:19:45.527514,zihao,170738.0,120169.0,-50569.0,83127.0
o,2021-10-20 11:19:45.476945,2021-10-20 11:19:45.610641,zihao,133696.0,177898.0,44202.0,210935.0
x,2021-10-20 11:19:45.654843,2021-10-20 11:19:45.821576,zihao,166733.0,194893.0,28160.0,172650.0
[space],2021-10-20 11:19:45.849736,2021-10-20 11:19:45.994226,zihao,144490.0,1288553.0,1144063.0,1249787.0
j,2021-10-20 11:19:47.138289,2021-10-20 11:19:47.244013,zihao,105724.0,183068.0,77344.0,210506.0
u,2021-10-20 11:19:47.321357,2021-10-20 11:19:47.454519,zihao,133162.0,222011.0,88849.0,251619.0
m,2021-10-20 11:19:47.543368,2021-10-20 11:19:47.706138,zihao,162770.0,264051.0,101281.0,239458.0
p,2021-10-20 11:19:47.807419,2021-10-20 11:19:47.945596,zihao,138177.0,163722.0,25545.0,173604.0
s,2021-10-20 11:19:47.971141,2021-10-20 11:19:48.119200,zihao,148059.0,145133.0,-2926.0,117319.0
[space],2021-10-20 11:19:48.116274,2021-10-20 11:19:48.236519,zihao,120245.0,256306.0,136061.0,263631.0
o,2021-10-20 11:19:48.372580,2021-10-20 11:19:48.500150,zihao,127570.0,115901.0,-11669.0,127652.0
v,2021-10-20 11:19:48.488481,2021-10-20 11:19:48.627802,zihao,139321.0,133481.0,-5840.0,177308.0
e,2021-10-20 11:19:48.621962,2021-10-20 11:19:48.805110,zihao,183148.0,121347.0,-61801.0,73701.0
r,2021-10-20 11:19:48.743309,2021-10-20 11:19:48.878811,zihao,135502.0,165034.0,29532.0,167291.0
[space],2021-10-20 11:19:48.908343,2021-10-20 11:19:49.046102,zihao,137759.0,130952.0,-6807.0,132352.0
t,2021-10-20 11:19:49.039295,2021-10-20 11:19:49.178454,zihao,139159.0,127626.0,-11533.0,117324.0
h,2021-10-20 11:19:49.166921,2021-10-20 11:19:49.295778,zihao,128857.0,111648.0,-17209.0,121396.0
e,2021-10-20 11:19:49.278569,2021-10-20 11:19:49.417174,zihao,138605.0,137607.0,-998.0,116115.0
[space],2021-10-20 11:19:49.416176,2021-10-20 11:19:49.533289,zihao,117113.0,233323.0,116210.0,264428.0
l,2021-10-20 11:19:49.649499,2021-10-20 11:19:49.797717,zihao,148218.0,147219.0,-999.0,159800.0
a,2021-10-20 11:19:49.796718,2021-10-20 11:19:49.957517,zihao,160799.0,235099.0,74300.0,289870.0
z,2021-10-20 11:19:50.031817,2021-10-20 11:19:50.247387,zihao,215570.0,170180.0,-45390.0,77650.0
y,2021-10-20 11:19:50.201997,2021-10-20 11:19:50.325037,zihao,123040.0,127302.0,4262.0,153716.0
[space],2021-10-20 11:19:50.329299,2021-10-20 11:19:50.478753,zihao,149454.0,172741.0,23287.0,200548.0
d,2021-10-20 11:19:50.502040,2021-10-20 11:19:50.679301,zihao,177261.0,138241.0,-39020.0,72167.0
o,2021-10-20 11:19:50.640281,2021-10-20 11:19:50.751468,zihao,111187.0,206964.0,95777.0,224527.0
g,2021-10-20 11:19:50.847245,2021-10-20 11:19:50.975995,zihao,128750.0,1102451.0,973701.0,1072811.0
",",2021-10-20 11:19:51.949696,2021-10-20 11:19:52.048806,zihao,99110.0,474349.0,375239.0,664686.0
[shift],2021-10-20 11:19:52.424045,2021-10-20 11:19:52.713492,zihao,289447.0,160958.0,-128489.0,-17832.0
"""",2021-10-20 11:19:52.585003,2021-10-20 11:19:52.695660,zihao,110657.0,978925.0,868268.0,967370.0
[space],2021-10-20 11:19:53.563928,2021-10-20 11:19:53.663030,zihao,99102.0,357737.0,258635.0,397968.0
w,2021-10-20 11:19:53.921665,2021-10-20 11:19:54.060998,zihao,139333.0,88422.0,-50911.0,121504.0
h,2021-10-20 11:19:54.010087,2021-10-20 11:19:54.182502,zihao,172415.0,115534.0,-56881.0,77365.0
i,2021-10-20 11:19:54.125621,2021-10-20 11:19:54.259867,zihao,134246.0,327839.0,193593.0,381854.0
c,2021-10-20 11:19:54.453460,2021-10-20 11:19:54.641721,zihao,188261.0,132651.0,-55610.0,78987.0
h,2021-10-20 11:19:54.586111,2021-10-20 11:19:54.720708,zihao,134597.0,898408.0,763811.0,886288.0
[space],2021-10-20 11:19:55.484519,2021-10-20 11:19:55.606996,zihao,122477.0,284822.0,162345.0,272292.0
h,2021-10-20 11:19:55.769341,2021-10-20 11:19:55.879288,zihao,109947.0,86568.0,-23379.0,105993.0
a,2021-10-20 11:19:55.855909,2021-10-20 11:19:55.985281,zihao,129372.0,99874.0,-29498.0,111004.0
s,2021-10-20 11:19:55.955783,2021-10-20 11:19:56.096285,zihao,140502.0,94203.0,-46299.0,76357.0
[space],2021-10-20 11:19:56.049986,2021-10-20 11:19:56.172642,zihao,122656.0,182341.0,59685.0,205093.0
b,2021-10-20 11:19:56.232327,2021-10-20 11:19:56.377735,zihao,145408.0,116537.0,-28871.0,98665.0
e,2021-10-20 11:19:56.348864,2021-10-20 11:19:56.476400,zihao,127536.0,171928.0,44392.0,168773.0
e,2021-10-20 11:19:56.520792,2021-10-20 11:19:56.645173,zihao,124381.0,143448.0,19067.0,142116.0
n,2021-10-20 11:19:56.664240,2021-10-20 11:19:56.787289,zihao,123049.0,240961.0,117912.0,251535.0
[space],2021-10-20 11:19:56.905201,2021-10-20 11:19:57.038824,zihao,133623.0,347044.0,213421.0,366278.0
u,2021-10-20 11:19:57.252245,2021-10-20 11:19:57.405102,zihao,152857.0,144104.0,-8753.0,119823.0
s,2021-10-20 11:19:57.396349,2021-10-20 11:19:57.524925,zihao,128576.0,172556.0,43980.0,167843.0
e,2021-10-20 11:19:57.568905,2021-10-20 11:19:57.692768,zihao,123863.0,194126.0,70263.0,219747.0
d,2021-10-20 11:19:57.763031,2021-10-20 11:19:57.912515,zihao,149484.0,127118.0,-22366.0,111641.0
[space],2021-10-20 11:19:57.890149,2021-10-20 11:19:58.024156,zihao,134007.0,256568.0,122561.0,262161.0
t,2021-10-20 11:19:58.146717,2021-10-20 11:19:58.286317,zihao,139600.0,88996.0,-50604.0,72501.0
o,2021-10-20 11:19:58.235713,2021-10-20 11:19:58.358818,zihao,123105.0,110164.0,-12941.0,117201.0
[space],2021-10-20 11:19:58.345877,2021-10-20 11:19:58.476019,zihao,130142.0,335906.0,205764.0,328667.0
t,2021-10-20 11:19:58.681783,2021-10-20 11:19:58.804686,zihao,122903.0,88060.0,-34843.0,104726.0
e,2021-10-20 11:19:58.769843,2021-10-20 11:19:58.909412,zihao,139569.0,185178.0,45609.0,189063.0
s,2021-10-20 11:19:58.955021,2021-10-20 11:19:59.098475,zihao,143454.0,197889.0,54435.0,182622.0
t,2021-10-20 11:19:59.152910,2021-10-20 11:19:59.281097,zihao,128187.0,110686.0,-17501.0,110905.0
[space],2021-10-20 11:19:59.263596,2021-10-20 11:19:59.392002,zihao,128406.0,394920.0,266514.0,382531.0
t,2021-10-20 11:19:59.658516,2021-10-20 11:19:59.774533,zihao,116017.0,174448.0,58431.0,198634.0
y,2021-10-20 11:19:59.832964,2021-10-20 11:19:59.973167,zihao,140203.0,340356.0,200153.0,283816.0
o,2021-10-20 11:20:00.173320,2021-10-20 11:20:00.256983,zihao,83663.0,1052045.0,968382.0,1107271.0
[backspace],2021-10-20 11:20:01.225365,2021-10-20 11:20:01.364254,zihao,138889.0,248893.0,110004.0,238628.0
p,2021-10-20 11:20:01.474258,2021-10-20 11:20:01.602882,zihao,128624.0,185955.0,57331.0,167563.0
i,2021-10-20 11:20:01.660213,2021-10-20 11:20:01.770445,zihao,110232.0,121171.0,10939.0,156616.0
n,2021-10-20 11:20:01.781384,2021-10-20 11:20:01.927061,zihao,145677.0,206626.0,60949.0,171925.0
g,2021-10-20 11:20:01.988010,2021-10-20 11:20:02.098986,zihao,110976.0,147325.0,36349.0,153304.0
[space],2021-10-20 11:20:02.135335,2021-10-20 11:20:02.252290,zihao,116955.0,761715.0,644760.0,781876.0
e,2021-10-20 11:20:02.897050,2021-10-20 11:20:03.034166,zihao,137116.0,230375.0,93259.0,224036.0
q,2021-10-20 11:20:03.127425,2021-10-20 11:20:03.258202,zihao,130777.0,234310.0,103533.0,186914.0
u,2021-10-20 11:20:03.361735,2021-10-20 11:20:03.445116,zihao,83381.0,135143.0,51762.0,230844.0
i,2021-10-20 11:20:03.496878,2021-10-20 11:20:03.675960,zihao,179082.0,229745.0,50663.0,187953.0
p,2021-10-20 11:20:03.726623,2021-10-20 11:20:03.863913,zihao,137290.0,133403.0,-3887.0,130917.0
e,2021-10-20 11:20:03.860026,2021-10-20 11:20:03.994830,zihao,134804.0,161581.0,26777.0,194737.0
m,2021-10-20 11:20:04.021607,2021-10-20 11:20:04.189567,zihao,167960.0,150235.0,-17725.0,110236.0
e,2021-10-20 11:20:04.171842,2021-10-20 11:20:04.299803,zihao,127961.0,105085.0,-22876.0,111509.0
n,2021-10-20 11:20:04.276927,2021-10-20 11:20:04.411312,zihao,134385.0,115912.0,-18473.0,121683.0
t,2021-10-20 11:20:04.392839,2021-10-20 11:20:04.532995,zihao,140156.0,99785.0,-40371.0,88976.0
[space],2021-10-20 11:20:04.492624,2021-10-20 11:20:04.621971,zihao,129347.0,270936.0,141589.0,309028.0
s,2021-10-20 11:20:04.763560,2021-10-20 11:20:04.930999,zihao,167439.0,77719.0,-89720.0,54755.0
i,2021-10-20 11:20:04.841279,2021-10-20 11:20:04.985754,zihao,144475.0,94186.0,-50289.0,88677.0
n,2021-10-20 11:20:04.935465,2021-10-20 11:20:05.074431,zihao,138966.0,126326.0,-12640.0,188575.0
c,2021-10-20 11:20:05.061791,2021-10-20 11:20:05.263006,zihao,201215.0,156813.0,-44402.0,122293.0
e,2021-10-20 11:20:05.218604,2021-10-20 11:20:05.385299,zihao,166695.0,131902.0,-34793.0,87300.0
[space],2021-10-20 11:20:05.350506,2021-10-20 11:20:05.472599,zihao,122093.0,324012.0,201919.0,325120.0
a,2021-10-20 11:20:05.674518,2021-10-20 11:20:05.797719,zihao,123201.0,225459.0,102258.0,279177.0
t,2021-10-20 11:20:05.899977,2021-10-20 11:20:06.076896,zihao,176919.0,172045.0,-4874.0,113146.0
[space],2021-10-20 11:20:06.072022,2021-10-20 11:20:06.190042,zihao,118020.0,383639.0,265619.0,427085.0
l,2021-10-20 11:20:06.455661,2021-10-20 11:20:06.617127,zihao,161466.0,104970.0,-56496.0,144299.0
e,2021-10-20 11:20:06.560631,2021-10-20 11:20:06.761426,zihao,200795.0,171153.0,-29642.0,120777.0
a,2021-10-20 11:20:06.731784,2021-10-20 11:20:06.882203,zihao,150419.0,317145.0,166726.0,305186.0
t,2021-10-20 11:20:07.048929,2021-10-20 11:20:07.187389,zihao,138460.0,837217.0,698757.0,821884.0
[backspace],2021-10-20 11:20:07.886146,2021-10-20 11:20:08.009273,zihao,123127.0,76912.0,-46215.0,111249.0
s,2021-10-20 11:20:07.963058,2021-10-20 11:20:08.120522,zihao,157464.0,208122.0,50658.0,188696.0
t,2021-10-20 11:20:08.171180,2021-10-20 11:20:08.309218,zihao,138038.0,131230.0,-6808.0,126851.0
[space],2021-10-20 11:20:08.302410,2021-10-20 11:20:08.436069,zihao,133659.0,447360.0,313701.0,462761.0
t,2021-10-20 11:20:08.749770,2021-10-20 11:20:08.898830,zihao,149060.0,617298.0,468238.0,606831.0
h,2021-10-20 11:20:09.367068,2021-10-20 11:20:09.505661,zihao,138593.0,176704.0,38111.0,164833.0
e,2021-10-20 11:20:09.543772,2021-10-20 11:20:09.670494,zihao,126722.0,82042.0,-44680.0,84583.0
[space],2021-10-20 11:20:09.625814,2021-10-20 11:20:09.755077,zihao,129263.0,183645.0,54382.0,216594.0
l,2021-10-20 11:20:09.809459,2021-10-20 11:20:09.971671,zihao,162212.0,99690.0,-62522.0,88843.0
a,2021-10-20 11:20:09.909149,2021-10-20 11:20:10.060514,zihao,151365.0,198775.0,47410.0,198589.0
t,2021-10-20 11:20:10.107924,2021-10-20 11:20:10.259103,zihao,151179.0,161571.0,10392.0,150450.0
e,2021-10-20 11:20:10.269495,2021-10-20 11:20:10.409553,zihao,140058.0,132288.0,-7770.0,137901.0
[space],2021-10-20 11:20:10.401783,2021-10-20 11:20:10.547454,zihao,145671.0,774211.0,628540.0,745737.0
1,2021-10-20 11:20:11.175994,2021-10-20 11:20:11.293191,zihao,117197.0,297303.0,180106.0,285591.0
8,2021-10-20 11:20:11.473297,2021-10-20 11:20:11.578782,zihao,105485.0,417017.0,311532.0,401216.0
o,2021-10-20 11:20:11.890314,2021-10-20 11:20:11.979998,zihao,89684.0,107864.0,18180.0,119121.0
o,2021-10-20 11:20:11.998178,2021-10-20 11:20:12.099119,zihao,100941.0,51302.0,-49639.0,89606.0
s,2021-10-20 11:20:12.049480,2021-10-20 11:20:12.188725,zihao,139245.0,985405.0,846160.0,951615.0
[enter],2021-10-20 11:20:13.034885,2021-10-20 11:20:13.140340,zihao,105455.0,917792.0,812337.0,912198.0
[backspace],2021-10-20 11:20:13.952677,2021-10-20 11:20:14.052538,zihao,99861.0,151481.0,51620.0,158130.0
[backspace],2021-10-20 11:20:14.104158,2021-10-20 11:20:14.210668,zihao,106510.0,175006.0,68496.0,164072.0
[backspace],2021-10-20 11:20:14.279164,2021-10-20 11:20:14.374740,zihao,95576.0,667171.0,571595.0,727318.0
[backspace],2021-10-20 11:20:14.946335,2021-10-20 11:20:15.102058,zihao,155723.0,441963.0,286240.0,386584.0
0,2021-10-20 11:20:15.388298,2021-10-20 11:20:15.488642,zihao,100344.0,138722.0,38378.0,148916.0
0,2021-10-20 11:20:15.527020,2021-10-20 11:20:15.637558,zihao,110538.0,351560.0,241022.0,386152.0
s,2021-10-20 11:20:15.878580,2021-10-20 11:20:16.023710,zihao,145130.0,302317.0,157187.0,251029.0
[enter],2021-10-20 11:20:16.180897,2021-10-20 11:20:16.274739,zihao,93842.0,1080932.0,987090.0,1087524.0
[caps_lock],2021-10-20 11:20:17.261829,2021-10-20 11:20:17.362263,zihao,100434.0,269557.0,169123.0,347748.0
w,2021-10-20 11:20:17.531386,2021-10-20 11:20:17.710011,zihao,178625.0,150204.0,-28421.0,126216.0
[caps_lock],2021-10-20 11:20:17.681590,2021-10-20 11:20:17.836227,zihao,154637.0,250105.0,95468.0,217880.0
h,2021-10-20 11:20:17.931695,2021-10-20 11:20:18.054107,zihao,122412.0,221125.0,98713.0,260933.0
e,2021-10-20 11:20:18.152820,2021-10-20 11:20:18.315040,zihao,162220.0,149571.0,-12649.0,105121.0
n,2021-10-20 11:20:18.302391,2021-10-20 11:20:18.420161,zihao,117770.0,259270.0,141500.0,257944.0
[space],2021-10-20 11:20:18.561661,2021-10-20 11:20:18.678105,zihao,116444.0,650433.0,533989.0,683253.0
c,2021-10-20 11:20:19.212094,2021-10-20 11:20:19.361358,zihao,149264.0,110758.0,-38506.0,78803.0
o,2021-10-20 11:20:19.322852,2021-10-20 11:20:19.440161,zihao,117309.0,162713.0,45404.0,196363.0
m,2021-10-20 11:20:19.485565,2021-10-20 11:20:19.636524,zihao,150959.0,176928.0,25969.0,160097.0
p,2021-10-20 11:20:19.662493,2021-10-20 11:20:19.796621,zihao,134128.0,106381.0,-27747.0,133455.0
a,2021-10-20 11:20:19.768874,2021-10-20 11:20:19.930076,zihao,161202.0,372262.0,211060.0,360518.0
r,2021-10-20 11:20:20.141136,2021-10-20 11:20:20.290594,zihao,149458.0,172848.0,23390.0,146777.0
i,2021-10-20 11:20:20.313984,2021-10-20 11:20:20.437371,zihao,123387.0,99367.0,-24020.0,115419.0
n,2021-10-20 11:20:20.413351,2021-10-20 11:20:20.552790,zihao,139439.0,203634.0,64195.0,164649.0
g,2021-10-20 11:20:20.616985,2021-10-20 11:20:20.717439,zihao,100454.0,142822.0,42368.0,149444.0
[space],2021-10-20 11:20:20.759807,2021-10-20 11:20:20.866883,zihao,107076.0,131962.0,24886.0,159314.0
t,2021-10-20 11:20:20.891769,2021-10-20 11:20:21.026197,zihao,134428.0,121974.0,-12454.0,110566.0
h,2021-10-20 11:20:21.013743,2021-10-20 11:20:21.136763,zihao,123020.0,169850.0,46830.0,180343.0
e,2021-10-20 11:20:21.183593,2021-10-20 11:20:21.317106,zihao,133513.0,193447.0,59934.0,182577.0
[space],2021-10-20 11:20:21.377040,2021-10-20 11:20:21.499683,zihao,122643.0,366100.0,243457.0,393574.0
t,2021-10-20 11:20:21.743140,2021-10-20 11:20:21.893257,zihao,150117.0,260471.0,110354.0,300647.0
w,2021-10-20 11:20:22.003611,2021-10-20 11:20:22.193904,zihao,190293.0,155564.0,-34729.0,76353.0
o,2021-10-20 11:20:22.159175,2021-10-20 11:20:22.270257,zihao,111082.0,137329.0,26247.0,160196.0
[space],2021-10-20 11:20:22.296504,2021-10-20 11:20:22.430453,zihao,133949.0,200476.0,66527.0,222240.0
b,2021-10-20 11:20:22.496980,2021-10-20 11:20:22.652693,zihao,155713.0,165877.0,10164.0,178297.0
r,2021-10-20 11:20:22.662857,2021-10-20 11:20:22.830990,zihao,168133.0,244792.0,76659.0,206320.0
o,2021-10-20 11:20:22.907649,2021-10-20 11:20:23.037310,zihao,129661.0,682103.0,552442.0,719578.0
w,2021-10-20 11:20:23.589752,2021-10-20 11:20:23.756888,zihao,167136.0,492183.0,325047.0,452690.0
s,2021-10-20 11:20:24.081935,2021-10-20 11:20:24.209578,zihao,127643.0,197600.0,69957.0,221022.0
e,2021-10-20 11:20:24.279535,2021-10-20 11:20:24.430600,zihao,151065.0,181111.0,30046.0,159048.0
r,2021-10-20 11:20:24.460646,2021-10-20 11:20:24.589648,zihao,129002.0,245085.0,116083.0,218988.0
s,2021-10-20 11:20:24.705731,2021-10-20 11:20:24.808636,zihao,102905.0,131277.0,28372.0,175052.0
[space],2021-10-20 11:20:24.837008,2021-10-20 11:20:24.983688,zihao,146680.0,418385.0,271705.0,412012.0
[backspace],2021-10-20 11:20:25.255393,2021-10-20 11:20:25.395700,zihao,140307.0,315066.0,174759.0,274128.0
",",2021-10-20 11:20:25.570459,2021-10-20 11:20:25.669828,zihao,99369.0,168420.0,69051.0,185783.0
[space],2021-10-20 11:20:25.738879,2021-10-20 11:20:25.855611,zihao,116732.0,309384.0,192652.0,339613.0
b,2021-10-20 11:20:26.048263,2021-10-20 11:20:26.195224,zihao,146961.0,139181.0,-7780.0,104967.0
o,2021-10-20 11:20:26.187444,2021-10-20 11:20:26.300191,zihao,112747.0,151452.0,38705.0,221198.0
t,2021-10-20 11:20:26.338896,2021-10-20 11:20:26.521389,zihao,182493.0,925884.0,743391.0,867397.0
h,2021-10-20 11:20:27.264780,2021-10-20 11:20:27.388786,zihao,124006.0,127898.0,3892.0,138397.0
[space],2021-10-20 11:20:27.392678,2021-10-20 11:20:27.527183,zihao,134505.0,278495.0,143990.0,285667.0
[caps_lock],2021-10-20 11:20:27.671173,2021-10-20 11:20:27.812850,zihao,141677.0,138756.0,-2921.0,146593.0
f,2021-10-20 11:20:27.809929,2021-10-20 11:20:27.959443,zihao,149514.0,99348.0,-50166.0,101478.0
[caps_lock],2021-10-20 11:20:27.909277,2021-10-20 11:20:28.060921,zihao,151644.0,133172.0,-18472.0,109902.0
i,2021-10-20 11:20:28.042449,2021-10-20 11:20:28.170823,zihao,128374.0,187183.0,58809.0,187885.0
v,2021-10-20 11:20:28.229632,2021-10-20 11:20:28.358708,zihao,129076.0,447296.0,318220.0,453622.0
[backspace],2021-10-20 11:20:28.676928,2021-10-20 11:20:28.812330,zihao,135402.0,62502.0,-72900.0,87696.0
r,2021-10-20 11:20:28.739430,2021-10-20 11:20:28.900026,zihao,160596.0,86289.0,-74307.0,77106.0
e,2021-10-20 11:20:28.825719,2021-10-20 11:20:28.977132,zihao,151413.0,661252.0,509839.0,654265.0
f,2021-10-20 11:20:29.486971,2021-10-20 11:20:29.631397,zihao,144426.0,76711.0,-67715.0,61595.0
o,2021-10-20 11:20:29.563682,2021-10-20 11:20:29.692992,zihao,129310.0,181000.0,51690.0,230386.0
x,2021-10-20 11:20:29.744682,2021-10-20 11:20:29.923378,zihao,178696.0,741241.0,562545.0,690649.0
[space],2021-10-20 11:20:30.485923,2021-10-20 11:20:30.614027,zihao,128104.0,616660.0,488556.0,617051.0
a,2021-10-20 11:20:31.102583,2021-10-20 11:20:31.231078,zihao,128495.0,133247.0,4752.0,154513.0
n,2021-10-20 11:20:31.235830,2021-10-20 11:20:31.385591,zihao,149761.0,143945.0,-5816.0,138552.0
d,2021-10-20 11:20:31.379775,2021-10-20 11:20:31.524143,zihao,144368.0,110582.0,-33786.0,85211.0
[space],2021-10-20 11:20:31.490357,2021-10-20 11:20:31.609354,zihao,118997.0,170114.0,51117.0,197377.0
[caps_lock],2021-10-20 11:20:31.660471,2021-10-20 11:20:31.806731,zihao,146260.0,205981.0,59721.0,204318.0
b,2021-10-20 11:20:31.866452,2021-10-20 11:20:32.011049,zihao,144597.0,59405.0,-85192.0,54944.0
[caps_lock],2021-10-20 11:20:31.925857,2021-10-20 11:20:32.065993,zihao,140136.0,345952.0,205816.0,361479.0
r,2021-10-20 11:20:32.271809,2021-10-20 11:20:32.427472,zihao,155663.0,160346.0,4683.0,110492.0
a,2021-10-20 11:20:32.432155,2021-10-20 11:20:32.537964,zihao,105809.0,175413.0,69604.0,154274.0
e,2021-10-20 11:20:32.607568,2021-10-20 11:20:32.692238,zihao,84670.0,195323.0,110653.0,187312.0
v,2021-10-20 11:20:32.802891,2021-10-20 11:20:32.879550,zihao,76659.0,326067.0,249408.0,357188.0
[backspace],2021-10-20 11:20:33.128958,2021-10-20 11:20:33.236738,zihao,107780.0,172765.0,64985.0,165976.0
[backspace],2021-10-20 11:20:33.301723,2021-10-20 11:20:33.402714,zihao,100991.0,414391.0,313400.0,468123.0
v,2021-10-20 11:20:33.716114,2021-10-20 11:20:33.870837,zihao,154723.0,109084.0,-45639.0,110295.0
e,2021-10-20 11:20:33.825198,2021-10-20 11:20:33.981132,zihao,155934.0,222974.0,67040.0,190042.0
[space],2021-10-20 11:20:34.048172,2021-10-20 11:20:34.171174,zihao,123002.0,855825.0,732823.0,833871.0
o,2021-10-20 11:20:34.903997,2021-10-20 11:20:35.005045,zihao,101048.0,88409.0,-12639.0,92735.0
f,2021-10-20 11:20:34.992406,2021-10-20 11:20:35.097780,zihao,105374.0,140578.0,35204.0,169205.0
f,2021-10-20 11:20:35.132984,2021-10-20 11:20:35.266985,zihao,134001.0,106002.0,-27999.0,132806.0
e,2021-10-20 11:20:35.238986,2021-10-20 11:20:35.399791,zihao,160805.0,110173.0,-50632.0,78781.0
r,2021-10-20 11:20:35.349159,2021-10-20 11:20:35.478572,zihao,129413.0,143960.0,14547.0,159209.0
[space],2021-10-20 11:20:35.493119,2021-10-20 11:20:35.637781,zihao,144662.0,172040.0,27378.0,153226.0
a,2021-10-20 11:20:35.665159,2021-10-20 11:20:35.791007,zihao,125848.0,121922.0,-3926.0,135198.0
[space],2021-10-20 11:20:35.787081,2021-10-20 11:20:35.926205,zihao,139124.0,221611.0,82487.0,233618.0
s,2021-10-20 11:20:36.008692,2021-10-20 11:20:36.159823,zihao,151131.0,572854.0,421723.0,588855.0
o,2021-10-20 11:20:36.581546,2021-10-20 11:20:36.748678,zihao,167132.0,351706.0,184574.0,379011.0
p,2021-10-20 11:20:36.933252,2021-10-20 11:20:37.127689,zihao,194437.0,335418.0,140981.0,279853.0
h,2021-10-20 11:20:37.268670,2021-10-20 11:20:37.407542,zihao,138872.0,742817.0,603945.0,715326.0
i,2021-10-20 11:20:38.011487,2021-10-20 11:20:38.122868,zihao,111381.0,98899.0,-12482.0,110815.0
s,2021-10-20 11:20:38.110386,2021-10-20 11:20:38.233683,zihao,123297.0,468049.0,344752.0,477433.0
t,2021-10-20 11:20:38.578435,2021-10-20 11:20:38.711116,zihao,132681.0,205777.0,73096.0,193220.0
i,2021-10-20 11:20:38.784212,2021-10-20 11:20:38.904336,zihao,120124.0,165722.0,45598.0,206139.0
c,2021-10-20 11:20:38.949934,2021-10-20 11:20:39.110475,zihao,160541.0,126728.0,-33813.0,116239.0
a,2021-10-20 11:20:39.076662,2021-10-20 11:20:39.226714,zihao,150052.0,344249.0,194197.0,377557.0
t,2021-10-20 11:20:39.420911,2021-10-20 11:20:39.604271,zihao,183360.0,165287.0,-18073.0,122995.0
e,2021-10-20 11:20:39.586198,2021-10-20 11:20:39.727266,zihao,141068.0,228603.0,87535.0,239186.0
d,2021-10-20 11:20:39.814801,2021-10-20 11:20:39.966452,zihao,151651.0,155100.0,3449.0,143758.0
[space],2021-10-20 11:20:39.969901,2021-10-20 11:20:40.110210,zihao,140309.0,295302.0,154993.0,293870.0
l,2021-10-20 11:20:40.265203,2021-10-20 11:20:40.404080,zihao,138877.0,116112.0,-22765.0,110865.0
e,2021-10-20 11:20:40.381315,2021-10-20 11:20:40.514945,zihao,133630.0,624830.0,491200.0,665390.0
v,2021-10-20 11:20:41.006145,2021-10-20 11:20:41.180335,zihao,174190.0,133491.0,-40699.0,137153.0
e,2021-10-20 11:20:41.139636,2021-10-20 11:20:41.317488,zihao,177852.0,484731.0,306879.0,485783.0
l,2021-10-20 11:20:41.624367,2021-10-20 11:20:41.803271,zihao,178904.0,246167.0,67263.0,229455.0
[space],2021-10-20 11:20:41.870534,2021-10-20 11:20:42.032726,zihao,162192.0,172078.0,9886.0,177198.0
o,2021-10-20 11:20:42.042612,2021-10-20 11:20:42.209924,zihao,167312.0,317123.0,149811.0,299998.0
f,2021-10-20 11:20:42.359735,2021-10-20 11:20:42.509922,zihao,150187.0,116967.0,-33220.0,111677.0
[space],2021-10-20 11:20:42.476702,2021-10-20 11:20:42.621599,zihao,144897.0,437905.0,293008.0,452967.0
p,2021-10-20 11:20:42.914607,2021-10-20 11:20:43.074566,zihao,159959.0,164939.0,4980.0,133086.0
r,2021-10-20 11:20:43.079546,2021-10-20 11:20:43.207652,zihao,128106.0,144573.0,16467.0,166974.0
i,2021-10-20 11:20:43.224119,2021-10-20 11:20:43.374626,zihao,150507.0,279596.0,129089.0,274413.0
v,2021-10-20 11:20:43.503715,2021-10-20 11:20:43.649039,zihao,145324.0,132439.0,-12885.0,142920.0
a,2021-10-20 11:20:43.636154,2021-10-20 11:20:43.791959,zihao,155805.0,461993.0,306188.0,485047.0
t,2021-10-20 11:20:44.098147,2021-10-20 11:20:44.277006,zihao,178859.0,390847.0,211988.0,346321.0
[backspace],2021-10-20 11:20:44.488994,2021-10-20 11:20:44.623327,zihao,134333.0,99999.0,-34334.0,127845.0
c,2021-10-20 11:20:44.588993,2021-10-20 11:20:44.751172,zihao,162179.0,172117.0,9938.0,149727.0
y,2021-10-20 11:20:44.761110,2021-10-20 11:20:44.900899,zihao,139789.0,186319.0,46530.0,164464.0
[space],2021-10-20 11:20:44.947429,2021-10-20 11:20:45.065363,zihao,117934.0,221365.0,103431.0,236741.0
a,2021-10-20 11:20:45.168794,2021-10-20 11:20:45.302104,zihao,133310.0,112102.0,-21208.0,116364.0
n,2021-10-20 11:20:45.280896,2021-10-20 11:20:45.418468,zihao,137572.0,125900.0,-11672.0,116709.0
d,2021-10-20 11:20:45.406796,2021-10-20 11:20:45.535177,zihao,128381.0,196424.0,68043.0,168167.0
[space],2021-10-20 11:20:45.603220,2021-10-20 11:20:45.703344,zihao,100124.0,550193.0,450069.0,572359.0
s,2021-10-20 11:20:46.153413,2021-10-20 11:20:46.275703,zihao,122290.0,177369.0,55079.0,167311.0
e,2021-10-20 11:20:46.330782,2021-10-20 11:20:46.443014,zihao,112232.0,215380.0,103148.0,263401.0
c,2021-10-20 11:20:46.546162,2021-10-20 11:20:46.706415,zihao,160253.0,455640.0,295387.0,400891.0
u,2021-10-20 11:20:47.001802,2021-10-20 11:20:47.107306,zihao,105504.0,77125.0,-28379.0,111117.0
r,2021-10-20 11:20:47.078927,2021-10-20 11:20:47.218423,zihao,139496.0,99737.0,-39759.0,91731.0
i,2021-10-20 11:20:47.178664,2021-10-20 11:20:47.310154,zihao,131490.0,183040.0,51550.0,190342.0
t,2021-10-20 11:20:47.361704,2021-10-20 11:20:47.500496,zihao,138792.0,144150.0,5358.0,139539.0
y,2021-10-20 11:20:47.505854,2021-10-20 11:20:47.640035,zihao,134181.0,385839.0,251658.0,369855.0
[space],2021-10-20 11:20:47.891693,2021-10-20 11:20:48.009890,zihao,118197.0,331780.0,213583.0,374700.0
b,2021-10-20 11:20:48.223473,2021-10-20 11:20:48.384590,zihao,161117.0,209601.0,48484.0,149653.0
y,2021-10-20 11:20:48.433074,2021-10-20 11:20:48.534243,zihao,101169.0,131806.0,30637.0,154064.0
[space],2021-10-20 11:20:48.564880,2021-10-20 11:20:48.688307,zihao,123427.0,239116.0,115689.0,271265.0
d,2021-10-20 11:20:48.803996,2021-10-20 11:20:48.959572,zihao,155576.0,110672.0,-44904.0,108644.0
e,2021-10-20 11:20:48.914668,2021-10-20 11:20:49.068216,zihao,153548.0,149640.0,-3908.0,141516.0
f,2021-10-20 11:20:49.064308,2021-10-20 11:20:49.209732,zihao,145424.0,166198.0,20774.0,154455.0
a,2021-10-20 11:20:49.230506,2021-10-20 11:20:49.364187,zihao,133681.0,198673.0,64992.0,181858.0
u,2021-10-20 11:20:49.429179,2021-10-20 11:20:49.546045,zihao,116866.0,223520.0,106654.0,246134.0
l,2021-10-20 11:20:49.652699,2021-10-20 11:20:49.792179,zihao,139480.0,133645.0,-5835.0,127535.0
t,2021-10-20 11:20:49.786344,2021-10-20 11:20:49.919714,zihao,133370.0,792880.0,659510.0,769112.0
",",2021-10-20 11:20:50.579224,2021-10-20 11:20:50.688826,zihao,109602.0,208377.0,98775.0,204880.0
[space],2021-10-20 11:20:50.787601,2021-10-20 11:20:50.893706,zihao,106105.0,94441.0,-11664.0,137998.0
a,2021-10-20 11:20:50.882042,2021-10-20 11:20:51.031704,zihao,149662.0,256548.0,106886.0,263006.0
v,2021-10-20 11:20:51.138590,2021-10-20 11:20:51.294710,zihao,156120.0,252487.0,96367.0,229412.0
a,2021-10-20 11:20:51.391077,2021-10-20 11:20:51.524122,zihao,133045.0,496894.0,363849.0,525321.0
i,2021-10-20 11:20:51.887971,2021-10-20 11:20:52.049443,zihao,161472.0,198316.0,36844.0,159833.0
l,2021-10-20 11:20:52.086287,2021-10-20 11:20:52.209276,zihao,122989.0,357571.0,234582.0,390984.0
a,2021-10-20 11:20:52.443858,2021-10-20 11:20:52.600260,zihao,156402.0,503504.0,347102.0,496973.0
b,2021-10-20 11:20:52.947362,2021-10-20 11:20:53.097233,zihao,149871.0,195791.0,45920.0,191248.0
l,2021-10-20 11:20:53.143153,2021-10-20 11:20:53.288481,zihao,145328.0,89508.0,-55820.0,71843.0
e,2021-10-20 11:20:53.232661,2021-10-20 11:20:53.360324,zihao,127663.0,169763.0,42100.0,160611.0
[space],2021-10-20 11:20:53.402424,2021-10-20 11:20:53.520935,zihao,118511.0,292898.0,174387.0,319087.0
a,2021-10-20 11:20:53.695322,2021-10-20 11:20:53.840022,zihao,144700.0,364978.0,220278.0,375069.0
u,2021-10-20 11:20:54.060300,2021-10-20 11:20:54.215091,zihao,154791.0,165663.0,10872.0,166626.0
t,2021-10-20 11:20:54.225963,2021-10-20 11:20:54.381717,zihao,155754.0,138087.0,-17667.0,121350.0
o,2021-10-20 11:20:54.364050,2021-10-20 11:20:54.503067,zihao,139017.0,545154.0,406137.0,523698.0
m,2021-10-20 11:20:54.909204,2021-10-20 11:20:55.026765,zihao,117561.0,61270.0,-56291.0,77839.0
a,2021-10-20 11:20:54.970474,2021-10-20 11:20:55.104604,zihao,134130.0,427992.0,293862.0,434214.0
t,2021-10-20 11:20:55.398466,2021-10-20 11:20:55.538818,zihao,140352.0,122409.0,-17943.0,115454.0
i,2021-10-20 11:20:55.520875,2021-10-20 11:20:55.654272,zihao,133397.0,143943.0,10546.0,160699.0
c,2021-10-20 11:20:55.664818,2021-10-20 11:20:55.814971,zihao,150153.0,126811.0,-23342.0,109801.0
a,2021-10-20 11:20:55.791629,2021-10-20 11:20:55.924772,zihao,133143.0,117571.0,-15572.0,105935.0
l,2021-10-20 11:20:55.909200,2021-10-20 11:20:56.030707,zihao,121507.0,210352.0,88845.0,223187.0
l,2021-10-20 11:20:56.119552,2021-10-20 11:20:56.253894,zihao,134342.0,224033.0,89691.0,195166.0
y,2021-10-20 11:20:56.343585,2021-10-20 11:20:56.449060,zihao,105475.0,157988.0,52513.0,170284.0
[space],2021-10-20 11:20:56.501573,2021-10-20 11:20:56.619344,zihao,117771.0,356093.0,238322.0,400753.0
f,2021-10-20 11:20:56.857666,2021-10-20 11:20:57.020097,zihao,162431.0,232318.0,69887.0,213883.0
r,2021-10-20 11:20:57.089984,2021-10-20 11:20:57.233980,zihao,143996.0,120068.0,-23928.0,94345.0
o,2021-10-20 11:20:57.210052,2021-10-20 11:20:57.328325,zihao,118273.0,165097.0,46824.0,187709.0
m,2021-10-20 11:20:57.375149,2021-10-20 11:20:57.516034,zihao,140885.0,215816.0,74931.0,208203.0
[space],2021-10-20 11:20:57.590965,2021-10-20 11:20:57.724237,zihao,133272.0,167676.0,34404.0,188137.0
t,2021-10-20 11:20:57.758641,2021-10-20 11:20:57.912374,zihao,153733.0,184374.0,30641.0,179375.0
h,2021-10-20 11:20:57.943015,2021-10-20 11:20:58.091749,zihao,148734.0,126163.0,-22571.0,105621.0
e,2021-10-20 11:20:58.069178,2021-10-20 11:20:58.197370,zihao,128192.0,110690.0,-17502.0,111376.0
[space],2021-10-20 11:20:58.179868,2021-10-20 11:20:58.308746,zihao,128878.0,202129.0,73251.0,227879.0
v,2021-10-20 11:20:58.381997,2021-10-20 11:20:58.536625,zihao,154628.0,143916.0,-10712.0,144663.0
e,2021-10-20 11:20:58.525913,2021-10-20 11:20:58.681288,zihao,155375.0,132443.0,-22932.0,106361.0
r,2021-10-20 11:20:58.658356,2021-10-20 11:20:58.787649,zihao,129293.0,213791.0,84498.0,211368.0
y,2021-10-20 11:20:58.872147,2021-10-20 11:20:58.999017,zihao,126870.0,607582.0,480712.0,602895.0
[space],2021-10-20 11:20:59.479729,2021-10-20 11:20:59.601912,zihao,122183.0,278843.0,156660.0,295994.0
f,2021-10-20 11:20:59.758572,2021-10-20 11:20:59.897906,zihao,139334.0,561768.0,422434.0,524130.0
i,2021-10-20 11:21:00.320340,2021-10-20 11:21:00.422036,zihao,101696.0,60802.0,-40894.0,115910.0
r,2021-10-20 11:21:00.381142,2021-10-20 11:21:00.537946,zihao,156804.0,123617.0,-33187.0,38644.0
e,2021-10-20 11:21:00.504759,2021-10-20 11:21:00.576590,zihao,71831.0,336515.0,264684.0,380468.0
[backspace],2021-10-20 11:21:00.841274,2021-10-20 11:21:00.957058,zihao,115784.0,105817.0,-9967.0,134038.0
s,2021-10-20 11:21:00.947091,2021-10-20 11:21:01.091096,zihao,144005.0,176674.0,32669.0,187994.0
t,2021-10-20 11:21:01.123765,2021-10-20 11:21:01.279090,zihao,155325.0,186358.0,31033.0,158839.0
[space],2021-10-20 11:21:01.310123,2021-10-20 11:21:01.437929,zihao,127806.0,284850.0,157044.0,328657.0
t,2021-10-20 11:21:01.594973,2021-10-20 11:21:01.766586,zihao,171613.0,157011.0,-14602.0,90554.0
i,2021-10-20 11:21:01.751984,2021-10-20 11:21:01.857140,zihao,105156.0,133547.0,28391.0,118719.0
n,2021-10-20 11:21:01.885531,2021-10-20 11:21:01.975859,zihao,90328.0,105312.0,14984.0,115377.0
e,2021-10-20 11:21:01.990843,2021-10-20 11:21:02.091236,zihao,100393.0,296753.0,196360.0,336644.0
[backspace],2021-10-20 11:21:02.287596,2021-10-20 11:21:02.427880,zihao,140284.0,226035.0,85751.0,185889.0
[backspace],2021-10-20 11:21:02.513631,2021-10-20 11:21:02.613769,zihao,100138.0,446345.0,346207.0,452167.0
m,2021-10-20 11:21:02.959976,2021-10-20 11:21:03.065936,zihao,105960.0,83051.0,-22909.0,95496.0
e,2021-10-20 11:21:03.043027,2021-10-20 11:21:03.161432,zihao,118405.0,95460.0,-22945.0,71901.0
[space],2021-10-20 11:21:03.138487,2021-10-20 11:21:03.233333,zihao,94846.0,217896.0,123050.0,268457.0
y,2021-10-20 11:21:03.356383,2021-10-20 11:21:03.501790,zihao,145407.0,197583.0,52176.0,185309.0
o,2021-10-20 11:21:03.553966,2021-10-20 11:21:03.687099,zihao,133133.0,115068.0,-18065.0,111415.0
u,2021-10-20 11:21:03.669034,2021-10-20 11:21:03.798514,zihao,129480.0,286858.0,157378.0,268947.0
[space],2021-10-20 11:21:03.955892,2021-10-20 11:21:04.067461,zihao,111569.0,676591.0,565022.0,670820.0
o,2021-10-20 11:21:04.632483,2021-10-20 11:21:04.738281,zihao,105798.0,136602.0,30804.0,131031.0
p,2021-10-20 11:21:04.769085,2021-10-20 11:21:04.869312,zihao,100227.0,88551.0,-11676.0,126826.0
e,2021-10-20 11:21:04.857636,2021-10-20 11:21:04.996138,zihao,138502.0,133639.0,-4863.0,111007.0
n,2021-10-20 11:21:04.991275,2021-10-20 11:21:05.107145,zihao,115870.0,177669.0,61799.0,177848.0
[space],2021-10-20 11:21:05.168944,2021-10-20 11:21:05.284993,zihao,116049.0,170291.0,54242.0,204160.0
t,2021-10-20 11:21:05.339235,2021-10-20 11:21:05.489153,zihao,149918.0,144083.0,-5835.0,139610.0
h,2021-10-20 11:21:05.483318,2021-10-20 11:21:05.628763,zihao,145445.0,116539.0,-28906.0,102698.0
e,2021-10-20 11:21:05.599857,2021-10-20 11:21:05.731461,zihao,131604.0,126783.0,-4821.0,167619.0
m,2021-10-20 11:21:05.726640,2021-10-20 11:21:05.899080,zihao,172440.0,572727.0,400287.0,511547.0
.,2021-10-20 11:21:06.299367,2021-10-20 11:21:06.410627,zihao,111260.0,601863.0,490603.0,600504.0
[enter],2021-10-20 11:21:06.901230,2021-10-20 11:21:07.011131,zihao,109901.0,689518.0,579617.0,717718.0
[caps_lock],2021-10-20 11:21:07.590748,2021-10-20 11:21:07.728849,zihao,138101.0,273815.0,135714.0,252856.0
b,2021-10-20 11:21:07.864563,2021-10-20 11:21:07.981705,zihao,117142.0,65402.0,-51740.0,113725.0
[caps_lock],2021-10-20 11:21:07.929965,2021-10-20 11:21:08.095430,zihao,165465.0,290635.0,125170.0,281052.0
r,2021-10-20 11:21:08.220600,2021-10-20 11:21:08.376482,zihao,155882.0,144053.0,-11829.0,122062.0
a,2021-10-20 11:21:08.364653,2021-10-20 11:21:08.498544,zihao,133891.0,289065.0,155174.0,320391.0
v,2021-10-20 11:21:08.653718,2021-10-20 11:21:08.818935,zihao,165217.0,195701.0,30484.0,153058.0
e,2021-10-20 11:21:08.849419,2021-10-20 11:21:08.971993,zihao,122574.0,553868.0,431294.0,536539.0
',2021-10-20 11:21:09.403287,2021-10-20 11:21:09.508532,zihao,105245.0,77530.0,-27715.0,134102.0
s,2021-10-20 11:21:09.480817,2021-10-20 11:21:09.642634,zihao,161817.0,868856.0,707039.0,817960.0
[space],2021-10-20 11:21:10.349673,2021-10-20 11:21:10.460594,zihao,110921.0,103141.0,-7780.0,148486.0
a,2021-10-20 11:21:10.452814,2021-10-20 11:21:10.609080,zihao,156266.0,277016.0,120750.0,259461.0
d,2021-10-20 11:21:10.729830,2021-10-20 11:21:10.868541,zihao,138711.0,313698.0,174987.0,329386.0
v,2021-10-20 11:21:11.043528,2021-10-20 11:21:11.197927,zihao,154399.0,173453.0,19054.0,154198.0
e,2021-10-20 11:21:11.216981,2021-10-20 11:21:11.352125,zihao,135144.0,78446.0,-56698.0,70581.0
r,2021-10-20 11:21:11.295427,2021-10-20 11:21:11.422706,zihao,127279.0,195579.0,68300.0,195869.0
t,2021-10-20 11:21:11.491006,2021-10-20 11:21:11.618575,zihao,127569.0,193366.0,65797.0,172505.0
i,2021-10-20 11:21:11.684372,2021-10-20 11:21:11.791080,zihao,106708.0,210276.0,103568.0,221669.0
s,2021-10-20 11:21:11.894648,2021-10-20 11:21:12.012749,zihao,118101.0,116153.0,-1948.0,120106.0
i,2021-10-20 11:21:12.010801,2021-10-20 11:21:12.132855,zihao,122054.0,79016.0,-43038.0,90416.0
n,2021-10-20 11:21:12.089817,2021-10-20 11:21:12.223271,zihao,133454.0,208745.0,75291.0,187226.0
g,2021-10-20 11:21:12.298562,2021-10-20 11:21:12.410497,zihao,111935.0,142700.0,30765.0,142262.0
[space],2021-10-20 11:21:12.441262,2021-10-20 11:21:12.552759,zihao,111497.0,191539.0,80042.0,228985.0
r,2021-10-20 11:21:12.632801,2021-10-20 11:21:12.781744,zihao,148943.0,83667.0,-65276.0,78842.0
e,2021-10-20 11:21:12.716468,2021-10-20 11:21:12.860586,zihao,144118.0,305162.0,161044.0,272816.0
p,2021-10-20 11:21:13.021630,2021-10-20 11:21:13.133402,zihao,111772.0,184866.0,73094.0,247040.0
l,2021-10-20 11:21:13.206496,2021-10-20 11:21:13.380442,zihao,173946.0,127706.0,-46240.0,76876.0
a,2021-10-20 11:21:13.334202,2021-10-20 11:21:13.457318,zihao,123116.0,100394.0,-22722.0,211224.0
c,2021-10-20 11:21:13.434596,2021-10-20 11:21:13.668542,zihao,233946.0,160299.0,-73647.0,66534.0
e,2021-10-20 11:21:13.594895,2021-10-20 11:21:13.735076,zihao,140181.0,393175.0,252994.0,362223.0
m,2021-10-20 11:21:13.988070,2021-10-20 11:21:14.097299,zihao,109229.0,97563.0,-11666.0,141668.0
e,2021-10-20 11:21:14.085633,2021-10-20 11:21:14.238967,zihao,153334.0,149455.0,-3879.0,113879.0
n,2021-10-20 11:21:14.235088,2021-10-20 11:21:14.352846,zihao,117758.0,99716.0,-18042.0,141502.0
t,2021-10-20 11:21:14.334804,2021-10-20 11:21:14.494348,zihao,159544.0,162463.0,2919.0,113610.0
[space],2021-10-20 11:21:14.497267,2021-10-20 11:21:14.607958,zihao,110691.0,550034.0,439343.0,583497.0
i,2021-10-20 11:21:15.047301,2021-10-20 11:21:15.191455,zihao,144154.0,121585.0,-22569.0,154703.0
d,2021-10-20 11:21:15.168886,2021-10-20 11:21:15.346158,zihao,177272.0,121715.0,-55557.0,95084.0
e,2021-10-20 11:21:15.290601,2021-10-20 11:21:15.441242,zihao,150641.0,199232.0,48591.0,164292.0
a,2021-10-20 11:21:15.489833,2021-10-20 11:21:15.605534,zihao,115701.0,241317.0,125616.0,243657.0
[space],2021-10-20 11:21:15.731150,2021-10-20 11:21:15.849191,zihao,118041.0,169956.0,51915.0,162622.0
i,2021-10-20 11:21:15.901106,2021-10-20 11:21:16.011813,zihao,110707.0,94936.0,-15771.0,95373.0
s,2021-10-20 11:21:15.996042,2021-10-20 11:21:16.107186,zihao,111144.0,154158.0,43014.0,188130.0
[space],2021-10-20 11:21:16.150200,2021-10-20 11:21:16.295316,zihao,145116.0,312312.0,167196.0,285081.0
a,2021-10-20 11:21:16.462512,2021-10-20 11:21:16.580397,zihao,117885.0,200712.0,82827.0,228701.0
[space],2021-10-20 11:21:16.663224,2021-10-20 11:21:16.809098,zihao,145874.0,310605.0,164731.0,310362.0
t,2021-10-20 11:21:16.973829,2021-10-20 11:21:17.119460,zihao,145631.0,404671.0,259040.0,398297.0
w,2021-10-20 11:21:17.378500,2021-10-20 11:21:17.517757,zihao,139257.0,168523.0,29266.0,146901.0
i,2021-10-20 11:21:17.547023,2021-10-20 11:21:17.664658,zihao,117635.0,332033.0,214398.0,352598.0
s,2021-10-20 11:21:17.879056,2021-10-20 11:21:18.017256,zihao,138200.0,228160.0,89960.0,212080.0
t,2021-10-20 11:21:18.107216,2021-10-20 11:21:18.229336,zihao,122120.0,650497.0,528377.0,644997.0
[space],2021-10-20 11:21:18.757713,2021-10-20 11:21:18.874333,zihao,116620.0,192934.0,76314.0,203212.0
o,2021-10-20 11:21:18.950647,2021-10-20 11:21:19.077545,zihao,126898.0,132342.0,5444.0,133147.0
n,2021-10-20 11:21:19.082989,2021-10-20 11:21:19.210692,zihao,127703.0,177539.0,49836.0,173563.0
[space],2021-10-20 11:21:19.260528,2021-10-20 11:21:19.384255,zihao,123727.0,122772.0,-955.0,143079.0
t,2021-10-20 11:21:19.383300,2021-10-20 11:21:19.527334,zihao,144034.0,133345.0,-10689.0,123082.0
h,2021-10-20 11:21:19.516645,2021-10-20 11:21:19.650416,zihao,133771.0,131822.0,-1949.0,125937.0
e,2021-10-20 11:21:19.648467,2021-10-20 11:21:19.776353,zihao,127886.0,123021.0,-4865.0,116818.0
[space],2021-10-20 11:21:19.771488,2021-10-20 11:21:19.893171,zihao,121683.0,337240.0,215557.0,349510.0
c,2021-10-20 11:21:20.108728,2021-10-20 11:21:20.242681,zihao,133953.0,203627.0,69674.0,231356.0
u,2021-10-20 11:21:20.312355,2021-10-20 11:21:20.474037,zihao,161682.0,200919.0,39237.0,145399.0
r,2021-10-20 11:21:20.513274,2021-10-20 11:21:20.619436,zihao,106162.0,153813.0,47651.0,191972.0
r,2021-10-20 11:21:20.667087,2021-10-20 11:21:20.811408,zihao,144321.0,94167.0,-50154.0,94898.0
e,2021-10-20 11:21:20.761254,2021-10-20 11:21:20.906306,zihao,145052.0,59953.0,-85099.0,31902.0
n,2021-10-20 11:21:20.821207,2021-10-20 11:21:20.938208,zihao,117001.0,168691.0,51690.0,163163.0
[space],2021-10-20 11:21:20.989898,2021-10-20 11:21:21.101371,zihao,111473.0,34599.0,-76874.0,67417.0
t,2021-10-20 11:21:21.024497,2021-10-20 11:21:21.168788,zihao,144291.0,678892.0,534601.0,657456.0
[backspace],2021-10-20 11:21:21.703389,2021-10-20 11:21:21.826244,zihao,122855.0,159041.0,36186.0,136566.0
[backspace],2021-10-20 11:21:21.862430,2021-10-20 11:21:21.962810,zihao,100380.0,77054.0,-23326.0,113484.0
t,2021-10-20 11:21:21.939484,2021-10-20 11:21:22.076294,zihao,136810.0,134008.0,-2802.0,125213.0
[space],2021-10-20 11:21:22.073492,2021-10-20 11:21:22.201507,zihao,128015.0,644551.0,516536.0,661262.0
m,2021-10-20 11:21:22.718043,2021-10-20 11:21:22.862769,zihao,144726.0,155418.0,10692.0,132858.0
o,2021-10-20 11:21:22.873461,2021-10-20 11:21:22.995627,zihao,122166.0,110506.0,-11660.0,152980.0
d,2021-10-20 11:21:22.983967,2021-10-20 11:21:23.148607,zihao,164640.0,172595.0,7955.0,81879.0
e,2021-10-20 11:21:23.156562,2021-10-20 11:21:23.230486,zihao,73924.0,628183.0,554259.0,642760.0
l,2021-10-20 11:21:23.784745,2021-10-20 11:21:23.873246,zihao,88501.0,186647.0,98146.0,203413.0
[space],2021-10-20 11:21:23.971392,2021-10-20 11:21:24.076659,zihao,105267.0,193378.0,88111.0,215625.0
o,2021-10-20 11:21:24.164770,2021-10-20 11:21:24.292284,zihao,127514.0,160418.0,32904.0,180375.0
f,2021-10-20 11:21:24.325188,2021-10-20 11:21:24.472659,zihao,147471.0,143579.0,-3892.0,108093.0
[space],2021-10-20 11:21:24.468767,2021-10-20 11:21:24.580752,zihao,111985.0,331225.0,219240.0,363473.0
p,2021-10-20 11:21:24.799992,2021-10-20 11:21:24.944225,zihao,144233.0,185334.0,41101.0,175361.0
a,2021-10-20 11:21:24.985326,2021-10-20 11:21:25.119586,zihao,134260.0,171091.0,36831.0,187452.0
i,2021-10-20 11:21:25.156417,2021-10-20 11:21:25.307038,zihao,150621.0,204602.0,53981.0,187570.0
d,2021-10-20 11:21:25.361019,2021-10-20 11:21:25.494608,zihao,133589.0,177391.0,43802.0,154823.0
[space],2021-10-20 11:21:25.538410,2021-10-20 11:21:25.649431,zihao,111021.0,138256.0,27235.0,173214.0
a,2021-10-20 11:21:25.676666,2021-10-20 11:21:25.822645,zihao,145979.0,234346.0,88367.0,222005.0
d,2021-10-20 11:21:25.911012,2021-10-20 11:21:26.044650,zihao,133638.0,167589.0,33951.0,160470.0
[space],2021-10-20 11:21:26.078601,2021-10-20 11:21:26.205120,zihao,126519.0,501210.0,374691.0,497898.0
p,2021-10-20 11:21:26.579811,2021-10-20 11:21:26.703018,zihao,123207.0,239320.0,116113.0,275662.0
l,2021-10-20 11:21:26.819131,2021-10-20 11:21:26.978680,zihao,159549.0,178812.0,19263.0,136831.0
a,2021-10-20 11:21:26.997943,2021-10-20 11:21:27.115511,zihao,117568.0,82761.0,-34807.0,171127.0
c,2021-10-20 11:21:27.080704,2021-10-20 11:21:27.286638,zihao,205934.0,144391.0,-61543.0,67771.0
e,2021-10-20 11:21:27.225095,2021-10-20 11:21:27.354409,zihao,129314.0,202029.0,72715.0,222821.0
m,2021-10-20 11:21:27.427124,2021-10-20 11:21:27.577230,zihao,150106.0,144287.0,-5819.0,126890.0
e,2021-10-20 11:21:27.571411,2021-10-20 11:21:27.704120,zihao,132709.0,104515.0,-28194.0,89724.0
n,2021-10-20 11:21:27.675926,2021-10-20 11:21:27.793844,zihao,117918.0,122504.0,4586.0,125924.0
t,2021-10-20 11:21:27.798430,2021-10-20 11:21:27.919768,zihao,121338.0,104799.0,-16539.0,90521.0
[space],2021-10-20 11:21:27.903229,2021-10-20 11:21:28.010289,zihao,107060.0,184987.0,77927.0,217899.0
a,2021-10-20 11:21:28.088216,2021-10-20 11:21:28.228188,zihao,139972.0,171041.0,31069.0,142245.0
n,2021-10-20 11:21:28.259257,2021-10-20 11:21:28.370433,zihao,111176.0,115069.0,3893.0,146256.0
d,2021-10-20 11:21:28.374326,2021-10-20 11:21:28.516689,zihao,142363.0,139452.0,-2911.0,107591.0
[space],2021-10-20 11:21:28.513778,2021-10-20 11:21:28.624280,zihao,110502.0,275492.0,164990.0,298544.0
p,2021-10-20 11:21:28.789270,2021-10-20 11:21:28.922824,zihao,133554.0,139041.0,5487.0,133668.0
a,2021-10-20 11:21:28.928311,2021-10-20 11:21:29.056492,zihao,128181.0,151538.0,23357.0,162341.0
i,2021-10-20 11:21:29.079849,2021-10-20 11:21:29.218833,zihao,138984.0,186066.0,47082.0,191011.0
d,2021-10-20 11:21:29.265915,2021-10-20 11:21:29.409844,zihao,143929.0,256578.0,112649.0,222498.0
[space],2021-10-20 11:21:29.522493,2021-10-20 11:21:29.632342,zihao,109849.0,243048.0,133199.0,260690.0
s,2021-10-20 11:21:29.765541,2021-10-20 11:21:29.893032,zihao,127491.0,217027.0,89536.0,269530.0
e,2021-10-20 11:21:29.982568,2021-10-20 11:21:30.162562,zihao,179994.0,161376.0,-18618.0,131646.0
a,2021-10-20 11:21:30.143944,2021-10-20 11:21:30.294208,zihao,150264.0,224773.0,74509.0,199910.0
r,2021-10-20 11:21:30.368717,2021-10-20 11:21:30.494118,zihao,125401.0,237266.0,111865.0,267812.0
c,2021-10-20 11:21:30.605983,2021-10-20 11:21:30.761930,zihao,155947.0,166015.0,10068.0,115549.0
h,2021-10-20 11:21:30.771998,2021-10-20 11:21:30.877479,zihao,105481.0,1314899.0,1209418.0,1303875.0
.,2021-10-20 11:21:32.086897,2021-10-20 11:21:32.181354,zihao,94457.0,172603.0,78146.0,195376.0
[space],2021-10-20 11:21:32.259500,2021-10-20 11:21:32.376730,zihao,117230.0,94788.0,-22442.0,116333.0
[caps_lock],2021-10-20 11:21:32.354288,2021-10-20 11:21:32.493063,zihao,138775.0,137802.0,-973.0,140624.0
b,2021-10-20 11:21:32.492090,2021-10-20 11:21:32.633687,zihao,141597.0,93828.0,-47769.0,91032.0
[caps_lock],2021-10-20 11:21:32.585918,2021-10-20 11:21:32.724719,zihao,138801.0,220893.0,82092.0,203250.0
u,2021-10-20 11:21:32.806811,2021-10-20 11:21:32.927969,zihao,121158.0,172949.0,51791.0,187143.0
t,2021-10-20 11:21:32.979760,2021-10-20 11:21:33.115112,zihao,135352.0,122854.0,-12498.0,120839.0
[space],2021-10-20 11:21:33.102614,2021-10-20 11:21:33.235951,zihao,133337.0,126528.0,-6809.0,133998.0
a,2021-10-20 11:21:33.229142,2021-10-20 11:21:33.369949,zihao,140807.0,209964.0,69157.0,209056.0
g,2021-10-20 11:21:33.439106,2021-10-20 11:21:33.579005,zihao,139899.0,175911.0,36012.0,202991.0
a,2021-10-20 11:21:33.615017,2021-10-20 11:21:33.781996,zihao,166979.0,99959.0,-67020.0,45372.0
i,2021-10-20 11:21:33.714976,2021-10-20 11:21:33.827368,zihao,112392.0,115315.0,2923.0,123909.0
n,2021-10-20 11:21:33.830291,2021-10-20 11:21:33.951277,zihao,120986.0,183579.0,62593.0,180473.0
[space],2021-10-20 11:21:34.013870,2021-10-20 11:21:34.131750,zihao,117880.0,364757.0,246877.0,347207.0
[backspace],2021-10-20 11:21:34.378627,2021-10-20 11:21:34.478957,zihao,100330.0,230676.0,130346.0,236206.0
",",2021-10-20 11:21:34.609303,2021-10-20 11:21:34.715163,zihao,105860.0,170717.0,64857.0,174299.0
[space],2021-10-20 11:21:34.780020,2021-10-20 11:21:34.889462,zihao,109442.0,130044.0,20602.0,183197.0
s,2021-10-20 11:21:34.910064,2021-10-20 11:21:35.072659,zihao,162595.0,116732.0,-45863.0,77023.0
o,2021-10-20 11:21:35.026796,2021-10-20 11:21:35.149682,zihao,122886.0,169397.0,46511.0,162795.0
m,2021-10-20 11:21:35.196193,2021-10-20 11:21:35.312477,zihao,116284.0,237389.0,121105.0,254454.0
e,2021-10-20 11:21:35.433582,2021-10-20 11:21:35.566931,zihao,133349.0,162546.0,29197.0,146327.0
[space],2021-10-20 11:21:35.596128,2021-10-20 11:21:35.713258,zihao,117130.0,245017.0,127887.0,272975.0
b,2021-10-20 11:21:35.841145,2021-10-20 11:21:35.986233,zihao,145088.0,692615.0,547527.0,659242.0
u,2021-10-20 11:21:36.533760,2021-10-20 11:21:36.645475,zihao,111715.0,61662.0,-50053.0,78936.0
s,2021-10-20 11:21:36.595422,2021-10-20 11:21:36.724411,zihao,128989.0,149674.0,20685.0,126932.0
y,2021-10-20 11:21:36.745096,2021-10-20 11:21:36.851343,zihao,106247.0,167113.0,60866.0,189941.0
[space],2021-10-20 11:21:36.912209,2021-10-20 11:21:37.041284,zihao,129075.0,632808.0,503733.0,621842.0
[caps_lock],2021-10-20 11:21:37.545017,2021-10-20 11:21:37.663126,zihao,118109.0,95481.0,-22628.0,110764.0
i,2021-10-20 11:21:37.640498,2021-10-20 11:21:37.773890,zihao,133392.0,105102.0,-28290.0,87601.0
[caps_lock],2021-10-20 11:21:37.745600,2021-10-20 11:21:37.861491,zihao,115891.0,125616.0,9725.0,166124.0
n,2021-10-20 11:21:37.871216,2021-10-20 11:21:38.027615,zihao,156399.0,324782.0,168383.0,312242.0
t,2021-10-20 11:21:38.195998,2021-10-20 11:21:38.339857,zihao,143859.0,109196.0,-34663.0,120377.0
e,2021-10-20 11:21:38.305194,2021-10-20 11:21:38.460234,zihao,155040.0,106386.0,-48654.0,79303.0
r,2021-10-20 11:21:38.411580,2021-10-20 11:21:38.539537,zihao,127957.0,245289.0,117332.0,239495.0
n,2021-10-20 11:21:38.656869,2021-10-20 11:21:38.779032,zihao,122163.0,83694.0,-38469.0,89909.0
a,2021-10-20 11:21:38.740563,2021-10-20 11:21:38.868941,zihao,128378.0,361550.0,233172.0,372295.0
[backspace],2021-10-20 11:21:39.102113,2021-10-20 11:21:39.241236,zihao,139123.0,111810.0,-27313.0,106178.0
e,2021-10-20 11:21:39.213923,2021-10-20 11:21:39.347414,zihao,133491.0,120153.0,-13338.0,126368.0
t,2021-10-20 11:21:39.334076,2021-10-20 11:21:39.473782,zihao,139706.0,149764.0,10058.0,133930.0
[space],2021-10-20 11:21:39.483840,2021-10-20 11:21:39.607712,zihao,123872.0,266721.0,142849.0,259393.0
u,2021-10-20 11:21:39.750561,2021-10-20 11:21:39.867105,zihao,116544.0,135262.0,18718.0,141760.0
s,2021-10-20 11:21:39.885823,2021-10-20 11:21:40.008865,zihao,123042.0,176596.0,53554.0,192751.0
e,2021-10-20 11:21:40.062419,2021-10-20 11:21:40.201616,zihao,139197.0,81836.0,-57361.0,65962.0
r,2021-10-20 11:21:40.144255,2021-10-20 11:21:40.267578,zihao,123323.0,216322.0,92999.0,259438.0
s,2021-10-20 11:21:40.360577,2021-10-20 11:21:40.527016,zihao,166439.0,250507.0,84068.0,203139.0
[space],2021-10-20 11:21:40.611084,2021-10-20 11:21:40.730155,zihao,119071.0,293211.0,174140.0,319942.0
w,2021-10-20 11:21:40.904295,2021-10-20 11:21:41.050097,zihao,145802.0,139015.0,-6787.0,110873.0
i,2021-10-20 11:21:41.043310,2021-10-20 11:21:41.160970,zihao,117660.0,177053.0,59393.0,164720.0
l,2021-10-20 11:21:41.220363,2021-10-20 11:21:41.325690,zihao,105327.0,137828.0,32501.0,133898.0
l,2021-10-20 11:21:41.358191,2021-10-20 11:21:41.459588,zihao,101397.0,221676.0,120279.0,231128.0
[space],2021-10-20 11:21:41.579867,2021-10-20 11:21:41.690716,zihao,110849.0,222025.0,111176.0,244703.0
p,2021-10-20 11:21:41.801892,2021-10-20 11:21:41.935419,zihao,133527.0,151286.0,17759.0,144710.0
r,2021-10-20 11:21:41.953178,2021-10-20 11:21:42.080129,zihao,126951.0,110432.0,-16519.0,79023.0
o,2021-10-20 11:21:42.063610,2021-10-20 11:21:42.159152,zihao,95542.0,319044.0,223502.0,339565.0
p,2021-10-20 11:21:42.382654,2021-10-20 11:21:42.498717,zihao,116063.0,336243.0,220180.0,336750.0
[backspace],2021-10-20 11:21:42.718897,2021-10-20 11:21:42.835467,zihao,116570.0,212405.0,95835.0,223160.0
b,2021-10-20 11:21:42.931302,2021-10-20 11:21:43.058627,zihao,127325.0,122465.0,-4860.0,111214.0
a,2021-10-20 11:21:43.053767,2021-10-20 11:21:43.169841,zihao,116074.0,154268.0,38194.0,166048.0
b,2021-10-20 11:21:43.208035,2021-10-20 11:21:43.335889,zihao,127854.0,294191.0,166337.0,327846.0
l,2021-10-20 11:21:43.502226,2021-10-20 11:21:43.663735,zihao,161509.0,224725.0,63216.0,180622.0
y,2021-10-20 11:21:43.726951,2021-10-20 11:21:43.844357,zihao,117406.0,204787.0,87381.0,215720.0
[space],2021-10-20 11:21:43.931738,2021-10-20 11:21:44.060077,zihao,128339.0,202676.0,74337.0,187852.0
n,2021-10-20 11:21:44.134414,2021-10-20 11:21:44.247929,zihao,113515.0,110595.0,-2920.0,107355.0
o,2021-10-20 11:21:44.245009,2021-10-20 11:21:44.355284,zihao,110275.0,115505.0,5230.0,144125.0
t,2021-10-20 11:21:44.360514,2021-10-20 11:21:44.499409,zihao,138895.0,133945.0,-4950.0,128404.0
[space],2021-10-20 11:21:44.494459,2021-10-20 11:21:44.627813,zihao,133354.0,329895.0,196541.0,331739.0
w,2021-10-20 11:21:44.824354,2021-10-20 11:21:44.959552,zihao,135198.0,269335.0,134137.0,260004.0
a,2021-10-20 11:21:45.093689,2021-10-20 11:21:45.219556,zihao,125867.0,86967.0,-38900.0,111449.0
n,2021-10-20 11:21:45.180656,2021-10-20 11:21:45.331005,zihao,150349.0,196255.0,45906.0,190385.0
t,2021-10-20 11:21:45.376911,2021-10-20 11:21:45.521390,zihao,144479.0,159423.0,14944.0,137727.0
[space],2021-10-20 11:21:45.536334,2021-10-20 11:21:45.659117,zihao,122783.0,254792.0,132009.0,281019.0
t,2021-10-20 11:21:45.791126,2021-10-20 11:21:45.940136,zihao,149010.0,76509.0,-72501.0,35451.0
o,2021-10-20 11:21:45.867635,2021-10-20 11:21:45.975587,zihao,107952.0,139301.0,31349.0,155261.0
[space],2021-10-20 11:21:46.006936,2021-10-20 11:21:46.130848,zihao,123912.0,344328.0,220416.0,382772.0
g,2021-10-20 11:21:46.351264,2021-10-20 11:21:46.513620,zihao,162356.0,133006.0,-29350.0,127915.0
e,2021-10-20 11:21:46.484270,2021-10-20 11:21:46.641535,zihao,157265.0,222413.0,65148.0,170342.0
[space],2021-10-20 11:21:46.706683,2021-10-20 11:21:46.811877,zihao,105194.0,727557.0,622363.0,756219.0
[backspace],2021-10-20 11:21:47.434240,2021-10-20 11:21:47.568096,zihao,133856.0,246395.0,112539.0,246724.0
t,2021-10-20 11:21:47.680635,2021-10-20 11:21:47.814820,zihao,134185.0,115711.0,-18474.0,105727.0
[space],2021-10-20 11:21:47.796346,2021-10-20 11:21:47.920547,zihao,124201.0,463230.0,339029.0,466106.0
t,2021-10-20 11:21:48.259576,2021-10-20 11:21:48.386653,zihao,127077.0,151510.0,24433.0,102185.0
o,2021-10-20 11:21:48.411086,2021-10-20 11:21:48.488838,zihao,77752.0,146462.0,68710.0,179671.0
o,2021-10-20 11:21:48.557548,2021-10-20 11:21:48.668509,zihao,110961.0,226574.0,115613.0,253288.0
[space],2021-10-20 11:21:48.784122,2021-10-20 11:21:48.921797,zihao,137675.0,567469.0,429794.0,553101.0
i,2021-10-20 11:21:49.351591,2021-10-20 11:21:49.474898,zihao,123307.0,132499.0,9192.0,137278.0
n,2021-10-20 11:21:49.484090,2021-10-20 11:21:49.612176,zihao,128086.0,245182.0,117096.0,262899.0
v,2021-10-20 11:21:49.729272,2021-10-20 11:21:49.875075,zihao,145803.0,217730.0,71927.0,194425.0
o,2021-10-20 11:21:49.947002,2021-10-20 11:21:50.069500,zihao,122498.0,362912.0,240414.0,384954.0
l,2021-10-20 11:21:50.309914,2021-10-20 11:21:50.454454,zihao,144540.0,155233.0,10693.0,161987.0
v,2021-10-20 11:21:50.465147,2021-10-20 11:21:50.616441,zihao,151294.0,177979.0,26685.0,161029.0
e,2021-10-20 11:21:50.643126,2021-10-20 11:21:50.777470,zihao,134344.0,321555.0,187211.0,276713.0
d,2021-10-20 11:21:50.964681,2021-10-20 11:21:51.054183,zihao,89502.0,4864.0,-84638.0,-5434.0
s,2021-10-20 11:21:50.969545,2021-10-20 11:21:51.048749,zihao,79204.0,468353.0,389149.0,483955.0
[backspace],2021-10-20 11:21:51.437898,2021-10-20 11:21:51.532704,zihao,94806.0,97722.0,2916.0,175302.0
d,2021-10-20 11:21:51.535620,2021-10-20 11:21:51.708006,zihao,172386.0,439443.0,267057.0,383432.0
[backspace],2021-10-20 11:21:51.975063,2021-10-20 11:21:52.091438,zihao,116375.0,253114.0,136739.0,270733.0
[space],2021-10-20 11:21:52.228177,2021-10-20 11:21:52.362171,zihao,133994.0,208105.0,74111.0,213344.0
w,2021-10-20 11:21:52.436282,2021-10-20 11:21:52.575515,zihao,139233.0,207247.0,68014.0,158299.0
i,2021-10-20 11:21:52.643529,2021-10-20 11:21:52.733814,zihao,90285.0,211585.0,121300.0,244975.0
t,2021-10-20 11:21:52.855114,2021-10-20 11:21:52.978789,zihao,123675.0,133394.0,9719.0,137732.0
h,2021-10-20 11:21:52.988508,2021-10-20 11:21:53.116521,zihao,128013.0,1965884.0,1837871.0,1960940.0
[space],2021-10-20 11:21:54.954392,2021-10-20 11:21:55.077461,zihao,123069.0,366063.0,242994.0,377111.0
t,2021-10-20 11:21:55.320455,2021-10-20 11:21:55.454572,zihao,134117.0,82935.0,-51182.0,106090.0
h,2021-10-20 11:21:55.403390,2021-10-20 11:21:55.560662,zihao,157272.0,133596.0,-23676.0,105345.0
e,2021-10-20 11:21:55.536986,2021-10-20 11:21:55.666007,zihao,129021.0,88668.0,-40353.0,71567.0
[space],2021-10-20 11:21:55.625654,2021-10-20 11:21:55.737574,zihao,111920.0,503342.0,391422.0,526074.0
m,2021-10-20 11:21:56.128996,2021-10-20 11:21:56.263648,zihao,134652.0,415846.0,281194.0,425098.0
a,2021-10-20 11:21:56.544842,2021-10-20 11:21:56.688746,zihao,143904.0,201635.0,57731.0,196457.0
n,2021-10-20 11:21:56.746477,2021-10-20 11:21:56.885203,zihao,138726.0,131917.0,-6809.0,121231.0
a,2021-10-20 11:21:56.878394,2021-10-20 11:21:57.006434,zihao,128040.0,269857.0,141817.0,286047.0
g,2021-10-20 11:21:57.148251,2021-10-20 11:21:57.292481,zihao,144230.0,116183.0,-28047.0,110329.0
e,2021-10-20 11:21:57.264434,2021-10-20 11:21:57.402810,zihao,138376.0,176502.0,38126.0,210446.0
m,2021-10-20 11:21:57.440936,2021-10-20 11:21:57.613256,zihao,172320.0,122656.0,-49664.0,83237.0
e,2021-10-20 11:21:57.563592,2021-10-20 11:21:57.696493,zihao,132901.0,99649.0,-33252.0,92109.0
n,2021-10-20 11:21:57.663241,2021-10-20 11:21:57.788602,zihao,125361.0,122421.0,-2940.0,145311.0
t,2021-10-20 11:21:57.785662,2021-10-20 11:21:57.933913,zihao,148251.0,144237.0,-4014.0,123542.0
[space],2021-10-20 11:21:57.929899,2021-10-20 11:21:58.057455,zihao,127556.0,1407114.0,1279558.0,1400583.0
o,2021-10-20 11:21:59.337013,2021-10-20 11:21:59.458038,zihao,121025.0,191534.0,70509.0,214952.0
f,2021-10-20 11:21:59.528547,2021-10-20 11:21:59.672990,zihao,144443.0,105780.0,-38663.0,106720.0
[space],2021-10-20 11:21:59.634327,2021-10-20 11:21:59.779710,zihao,145383.0,527984.0,382601.0,502775.0
m,2021-10-20 11:22:00.162311,2021-10-20 11:22:00.282485,zihao,120174.0,151088.0,30914.0,158536.0
i,2021-10-20 11:22:00.313399,2021-10-20 11:22:00.441021,zihao,127622.0,99381.0,-28241.0,140092.0
c,2021-10-20 11:22:00.412780,2021-10-20 11:22:00.581113,zihao,168333.0,252953.0,84620.0,218384.0
r,2021-10-20 11:22:00.665733,2021-10-20 11:22:00.799497,zihao,133764.0,98399.0,-35365.0,64340.0
o,2021-10-20 11:22:00.764132,2021-10-20 11:22:00.863837,zihao,99705.0,169773.0,70068.0,191025.0
[space],2021-10-20 11:22:00.933905,2021-10-20 11:22:01.054862,zihao,120957.0,416946.0,295989.0,423936.0
p,2021-10-20 11:22:01.350851,2021-10-20 11:22:01.478798,zihao,127947.0,122108.0,-5839.0,111132.0
a,2021-10-20 11:22:01.472959,2021-10-20 11:22:01.589930,zihao,116971.0,135065.0,18094.0,151508.0
y,2021-10-20 11:22:01.608024,2021-10-20 11:22:01.741438,zihao,133414.0,403252.0,269838.0,442421.0
m,2021-10-20 11:22:02.011276,2021-10-20 11:22:02.183859,zihao,172583.0,133452.0,-39131.0,128886.0
e,2021-10-20 11:22:02.144728,2021-10-20 11:22:02.312745,zihao,168017.0,99986.0,-68031.0,32470.0
n,2021-10-20 11:22:02.244714,2021-10-20 11:22:02.345215,zihao,100501.0,115996.0,15495.0,150445.0
t,2021-10-20 11:22:02.360710,2021-10-20 11:22:02.495660,zihao,134950.0,254608.0,119658.0,282029.0
s,2021-10-20 11:22:02.615318,2021-10-20 11:22:02.777689,zihao,162371.0,215834.0,53463.0,187464.0
[space],2021-10-20 11:22:02.831152,2021-10-20 11:22:02.965153,zihao,134001.0,240227.0,106226.0,278799.0
t,2021-10-20 11:22:03.071379,2021-10-20 11:22:03.243952,zihao,172573.0,105679.0,-66894.0,70991.0
o,2021-10-20 11:22:03.177058,2021-10-20 11:22:03.314943,zihao,137885.0,127187.0,-10698.0,111874.0
[space],2021-10-20 11:22:03.304245,2021-10-20 11:22:03.426817,zihao,122572.0,366006.0,243434.0,399180.0
s,2021-10-20 11:22:03.670251,2021-10-20 11:22:03.825997,zihao,155746.0,110311.0,-45435.0,65935.0
i,2021-10-20 11:22:03.780562,2021-10-20 11:22:03.891932,zihao,111370.0,144592.0,33222.0,204667.0
t,2021-10-20 11:22:03.925154,2021-10-20 11:22:04.096599,zihao,171445.0,160732.0,-10713.0,151567.0
e,2021-10-20 11:22:04.085886,2021-10-20 11:22:04.248166,zihao,162280.0,191818.0,29538.0,214798.0
s,2021-10-20 11:22:04.277704,2021-10-20 11:22:04.462964,zihao,185260.0,172626.0,-12634.0,121056.0
[space],2021-10-20 11:22:04.450330,2021-10-20 11:22:04.584020,zihao,133690.0,199107.0,65417.0,181457.0
i,2021-10-20 11:22:04.649437,2021-10-20 11:22:04.765477,zihao,116040.0,111177.0,-4863.0,122647.0
n,2021-10-20 11:22:04.760614,2021-10-20 11:22:04.888124,zihao,127510.0,394162.0,266652.0,376971.0
[space],2021-10-20 11:22:05.154776,2021-10-20 11:22:05.265095,zihao,110319.0,310175.0,199856.0,341267.0
e,2021-10-20 11:22:05.464951,2021-10-20 11:22:05.606362,zihao,141411.0,191611.0,50200.0,256124.0
x,2021-10-20 11:22:05.656562,2021-10-20 11:22:05.862486,zihao,205924.0,298608.0,92684.0,243552.0
c,2021-10-20 11:22:05.955170,2021-10-20 11:22:06.106038,zihao,150868.0,138940.0,-11928.0,144388.0
h,2021-10-20 11:22:06.094110,2021-10-20 11:22:06.250426,zihao,156316.0,132128.0,-24188.0,109577.0
a,2021-10-20 11:22:06.226238,2021-10-20 11:22:06.360003,zihao,133765.0,111261.0,-22504.0,111564.0
n,2021-10-20 11:22:06.337499,2021-10-20 11:22:06.471567,zihao,134068.0,206026.0,71958.0,201313.0
g,2021-10-20 11:22:06.543525,2021-10-20 11:22:06.672880,zihao,129355.0,170025.0,40670.0,198303.0
e,2021-10-20 11:22:06.713550,2021-10-20 11:22:06.871183,zihao,157633.0,504510.0,346877.0,485375.0
[space],2021-10-20 11:22:07.218060,2021-10-20 11:22:07.356558,zihao,138498.0,172626.0,34128.0,190846.0
f,2021-10-20 11:22:07.390686,2021-10-20 11:22:07.547404,zihao,156718.0,121724.0,-34994.0,38063.0
o,2021-10-20 11:22:07.512410,2021-10-20 11:22:07.585467,zihao,73057.0,166125.0,93068.0,244110.0
r,2021-10-20 11:22:07.678535,2021-10-20 11:22:07.829577,zihao,151042.0,172834.0,21792.0,144094.0
[space],2021-10-20 11:22:07.851369,2021-10-20 11:22:07.973671,zihao,122302.0,466839.0,344537.0,494770.0
t,2021-10-20 11:22:08.318208,2021-10-20 11:22:08.468441,zihao,150233.0,116515.0,-33718.0,111866.0
h,2021-10-20 11:22:08.434723,2021-10-20 11:22:08.580307,zihao,145584.0,127111.0,-18473.0,133060.0
e,2021-10-20 11:22:08.561834,2021-10-20 11:22:08.713367,zihao,151533.0,209850.0,58317.0,179506.0
i,2021-10-20 11:22:08.771684,2021-10-20 11:22:08.892873,zihao,121189.0,315844.0,194655.0,334017.0
r,2021-10-20 11:22:09.087528,2021-10-20 11:22:09.226890,zihao,139362.0,239577.0,100215.0,244927.0
[space],2021-10-20 11:22:09.327105,2021-10-20 11:22:09.471817,zihao,144712.0,559120.0,414408.0,616114.0
t,2021-10-20 11:22:09.886225,2021-10-20 11:22:10.087931,zihao,201706.0,198785.0,-2921.0,115882.0
i,2021-10-20 11:22:10.085010,2021-10-20 11:22:10.203813,zihao,118803.0,194077.0,75274.0,148541.0
m,2021-10-20 11:22:10.279087,2021-10-20 11:22:10.352354,zihao,73267.0,66460.0,-6807.0,132733.0
e,2021-10-20 11:22:10.345547,2021-10-20 11:22:10.485087,zihao,139540.0,786701.0,647161.0,780696.0
[space],2021-10-20 11:22:11.132248,2021-10-20 11:22:11.265783,zihao,133535.0,121869.0,-11666.0,139773.0
a,2021-10-20 11:22:11.254117,2021-10-20 11:22:11.405556,zihao,151439.0,88769.0,-62670.0,82562.0
n,2021-10-20 11:22:11.342886,2021-10-20 11:22:11.488118,zihao,145232.0,788912.0,643680.0,777521.0
=,2021-10-20 11:22:12.131798,2021-10-20 11:22:12.265639,zihao,133841.0,206977.0,73136.0,173313.0
[backspace],2021-10-20 11:22:12.338775,2021-10-20 11:22:12.438952,zihao,100177.0,756377.0,656200.0,789296.0
d,2021-10-20 11:22:13.095152,2021-10-20 11:22:13.228248,zihao,133096.0,162187.0,29091.0,146558.0
[space],2021-10-20 11:22:13.257339,2021-10-20 11:22:13.374806,zihao,117467.0,179335.0,61868.0,211980.0
a,2021-10-20 11:22:13.436674,2021-10-20 11:22:13.586786,zihao,150112.0,504330.0,354218.0,459379.0
t,2021-10-20 11:22:13.941004,2021-10-20 11:22:14.046165,zihao,105161.0,156083.0,50922.0,180434.0
t,2021-10-20 11:22:14.097087,2021-10-20 11:22:14.226599,zihao,129512.0,99425.0,-30087.0,109881.0
e,2021-10-20 11:22:14.196512,2021-10-20 11:22:14.336480,zihao,139968.0,94586.0,-45382.0,106111.0
n,2021-10-20 11:22:14.291098,2021-10-20 11:22:14.442591,zihao,151493.0,143713.0,-7780.0,126516.0
t,2021-10-20 11:22:14.434811,2021-10-20 11:22:14.569107,zihao,134296.0,1325249.0,1190953.0,1357054.0
i,2021-10-20 11:22:15.760060,2021-10-20 11:22:15.926161,zihao,166101.0,154433.0,-11668.0,163445.0
o,2021-10-20 11:22:15.914493,2021-10-20 11:22:16.089606,zihao,175113.0,188174.0,13061.0,131908.0
n,2021-10-20 11:22:16.102667,2021-10-20 11:22:16.221514,zihao,118847.0,966863.0,848016.0,939147.0
.,2021-10-20 11:22:17.069530,2021-10-20 11:22:17.160661,zihao,91131.0,0.0,0.0,0.0
