key,pressed,released,user,hold_time,press_press_time,press_release_time
[backspace],2021-10-20 10:11:55.546261,2021-10-20 10:12:05.861171,alex,10314910.0,703718.0,-9611192.0
r,2021-10-20 10:11:56.249979,2021-10-20 10:12:03.999973,alex,7749994.0,89685.0,-7660309.0
e,2021-10-20 10:11:56.339664,2021-10-20 10:12:08.024484,alex,11684820.0,256107.0,-11428713.0
l,2021-10-20 10:11:56.595771,2021-10-20 10:12:05.158075,alex,8562304.0,211177.0,-8351127.0
a,2021-10-20 10:11:56.806948,2021-10-20 10:12:02.531455,alex,5724507.0,129300.0,-5595207.0
s,2021-10-20 10:11:56.936248,2021-10-20 10:12:08.742926,alex,11806678.0,975611.0,-10831067.0
[alt],2021-10-20 10:11:57.911859,2021-10-20 10:11:58.475629,alex,563770.0,43838.0,-519932.0
[tab],2021-10-20 10:11:57.955697,2021-10-20 10:11:58.136024,alex,180327.0,4185226.0,4004899.0
[maj],2021-10-20 10:12:02.140923,2021-10-20 10:12:02.515973,alex,375050.0,484390.0,109340.0
[space],2021-10-20 10:12:02.625313,2021-10-20 10:12:02.719030,alex,93717.0,171840.0,78123.0
p,2021-10-20 10:12:02.797153,2021-10-20 10:12:02.875255,alex,78102.0,187439.0,109337.0
a,2021-10-20 10:12:02.984592,2021-10-20 10:12:03.109580,alex,124988.0,124988.0,0.0
n,2021-10-20 10:12:03.109580,2021-10-20 10:12:03.203294,alex,93714.0,546748.0,453034.0
g,2021-10-20 10:12:03.656328,2021-10-20 10:12:03.749918,alex,93590.0,281174.0,187584.0
a,2021-10-20 10:12:03.937502,2021-10-20 10:12:04.078100,alex,140598.0,93738.0,-46860.0
m,2021-10-20 10:12:04.031240,2021-10-20 10:12:04.187443,alex,156203.0,187446.0,31243.0
[space],2021-10-20 10:12:04.218686,2021-10-20 10:12:04.328041,alex,109355.0,218574.0,109219.0
o,2021-10-20 10:12:04.437260,2021-10-20 10:12:04.609226,alex,171966.0,171966.0,0.0
r,2021-10-20 10:12:04.609226,2021-10-20 10:12:04.734180,alex,124954.0,62483.0,-62471.0
[space],2021-10-20 10:12:04.671709,2021-10-20 10:12:04.812304,alex,140595.0,140595.0,0.0
h,2021-10-20 10:12:04.812304,2021-10-20 10:12:04.939495,alex,127191.0,1095728.0,968537.0
o,2021-10-20 10:12:05.908032,2021-10-20 10:12:06.032988,alex,124956.0,218702.0,93746.0
l,2021-10-20 10:12:06.126734,2021-10-20 10:12:06.220461,alex,93727.0,156202.0,62475.0
o,2021-10-20 10:12:06.282936,2021-10-20 10:12:06.376673,alex,93737.0,203088.0,109351.0
a,2021-10-20 10:12:06.486024,2021-10-20 10:12:06.595237,alex,109213.0,93595.0,-15618.0
p,2021-10-20 10:12:06.579619,2021-10-20 10:12:06.720343,alex,140724.0,312560.0,171836.0
[backspace],2021-10-20 10:12:06.892179,2021-10-20 10:12:07.017139,alex,124960.0,140586.0,15626.0
l,2021-10-20 10:12:07.032765,2021-10-20 10:12:07.142108,alex,109343.0,124973.0,15630.0
p,2021-10-20 10:12:07.157738,2021-10-20 10:12:07.298321,alex,140583.0,249943.0,109360.0
h,2021-10-20 10:12:07.407681,2021-10-20 10:12:07.548262,alex,140581.0,190839.0,50258.0
a,2021-10-20 10:12:07.598520,2021-10-20 10:12:07.680796,alex,82276.0,97892.0,15616.0
b,2021-10-20 10:12:07.696412,2021-10-20 10:12:07.805782,alex,109370.0,343688.0,234318.0
t,2021-10-20 10:12:08.040100,2021-10-20 10:12:08.102585,alex,62485.0,93723.0,31238.0
i,2021-10-20 10:12:08.133823,2021-10-20 10:12:08.274424,alex,140601.0,203082.0,62481.0
c,2021-10-20 10:12:08.336905,2021-10-20 10:12:08.461857,alex,124952.0,140571.0,15619.0
[space],2021-10-20 10:12:08.477476,2021-10-20 10:12:08.618084,alex,140608.0,328070.0,187462.0
e,2021-10-20 10:12:08.805546,2021-10-20 10:12:08.901276,alex,95730.0,502021.0,406291.0
n,2021-10-20 10:12:09.307567,2021-10-20 10:12:09.432526,alex,124959.0,171821.0,46862.0
t,2021-10-20 10:12:09.479388,2021-10-20 10:12:09.604379,alex,124991.0,109341.0,-15650.0
e,2021-10-20 10:12:09.588729,2021-10-20 10:12:09.729331,alex,140602.0,203087.0,62485.0
n,2021-10-20 10:12:09.791816,2021-10-20 10:12:09.916792,alex,124976.0,156208.0,31232.0
c,2021-10-20 10:12:09.948024,2021-10-20 10:12:10.151110,alex,203086.0,140606.0,-62480.0
e,2021-10-20 10:12:10.088630,2021-10-20 10:12:10.244836,alex,156206.0,234323.0,78117.0
[space],2021-10-20 10:12:10.322953,2021-10-20 10:12:10.447914,alex,124961.0,140577.0,15616.0
i,2021-10-20 10:12:10.463530,2021-10-20 10:12:10.604132,alex,140602.0,124983.0,-15619.0
s,2021-10-20 10:12:10.588513,2021-10-20 10:12:10.760332,alex,171819.0,109347.0,-62472.0
[space],2021-10-20 10:12:10.697860,2021-10-20 10:12:10.822835,alex,124975.0,140581.0,15606.0
a,2021-10-20 10:12:10.838441,2021-10-20 10:12:11.025891,alex,187450.0,109342.0,-78108.0
[space],2021-10-20 10:12:10.947783,2021-10-20 10:12:11.088396,alex,140613.0,281199.0,140586.0
s,2021-10-20 10:12:11.228982,2021-10-20 10:12:11.306964,alex,77982.0,171839.0,93857.0
e,2021-10-20 10:12:11.400821,2021-10-20 10:12:11.525776,alex,124955.0,93721.0,-31234.0
n,2021-10-20 10:12:11.494542,2021-10-20 10:12:11.635141,alex,140599.0,156210.0,15611.0
t,2021-10-20 10:12:11.650752,2021-10-20 10:12:11.744483,alex,93731.0,374931.0,281200.0
e,2021-10-20 10:12:12.025683,2021-10-20 10:12:12.150632,alex,124949.0,124949.0,0.0
n,2021-10-20 10:12:12.150632,2021-10-20 10:12:12.275515,alex,124883.0,109353.0,-15530.0
c,2021-10-20 10:12:12.259985,2021-10-20 10:12:12.463065,alex,203080.0,171847.0,-31233.0
e,2021-10-20 10:12:12.431832,2021-10-20 10:12:12.603655,alex,171823.0,109327.0,-62496.0
[space],2021-10-20 10:12:12.541159,2021-10-20 10:12:12.697389,alex,156230.0,328071.0,171841.0
t,2021-10-20 10:12:12.869230,2021-10-20 10:12:12.978575,alex,109345.0,109345.0,0.0
a,2021-10-20 10:12:12.978575,2021-10-20 10:12:13.087827,alex,109252.0,78090.0,-31162.0
h,2021-10-20 10:12:13.056665,2021-10-20 10:12:13.166035,alex,109370.0,171751.0,62381.0
t,2021-10-20 10:12:13.228416,2021-10-20 10:12:13.369100,alex,140684.0,78190.0,-62494.0
[space],2021-10-20 10:12:13.306606,2021-10-20 10:12:13.431592,alex,124986.0,218718.0,93732.0
[backspace],2021-10-20 10:12:13.525324,2021-10-20 10:12:13.587677,alex,62353.0,156214.0,93861.0
[backspace],2021-10-20 10:12:13.681538,2021-10-20 10:12:13.744016,alex,62478.0,140574.0,78096.0
[backspace],2021-10-20 10:12:13.822112,2021-10-20 10:12:13.884614,alex,62502.0,140603.0,78101.0
[backspace],2021-10-20 10:12:13.962715,2021-10-20 10:12:14.025197,alex,62482.0,171839.0,109357.0
h,2021-10-20 10:12:14.134554,2021-10-20 10:12:14.243893,alex,109339.0,93722.0,-15617.0
a,2021-10-20 10:12:14.228276,2021-10-20 10:12:14.400113,alex,171837.0,93713.0,-78124.0
t,2021-10-20 10:12:14.321989,2021-10-20 10:12:14.509456,alex,187467.0,109372.0,-78095.0
[space],2021-10-20 10:12:14.431361,2021-10-20 10:12:14.571943,alex,140582.0,468502.0,327920.0
c,2021-10-20 10:12:14.899863,2021-10-20 10:12:15.009341,alex,109478.0,62617.0,-46861.0
o,2021-10-20 10:12:14.962480,2021-10-20 10:12:15.102944,alex,140464.0,78100.0,-62364.0
n,2021-10-20 10:12:15.040580,2021-10-20 10:12:15.165454,alex,124874.0,124874.0,0.0
t,2021-10-20 10:12:15.165454,2021-10-20 10:12:15.274828,alex,109374.0,78090.0,-31284.0
a,2021-10-20 10:12:15.243544,2021-10-20 10:12:15.368535,alex,124991.0,62596.0,-62395.0
i,2021-10-20 10:12:15.306140,2021-10-20 10:12:15.477983,alex,171843.0,78118.0,-93725.0
n,2021-10-20 10:12:15.384258,2021-10-20 10:12:15.540337,alex,156079.0,140588.0,-15491.0
s,2021-10-20 10:12:15.524846,2021-10-20 10:12:15.696684,alex,171838.0,109356.0,-62482.0
[space],2021-10-20 10:12:15.634202,2021-10-20 10:12:15.759165,alex,124963.0,187447.0,62484.0
e,2021-10-20 10:12:15.821649,2021-10-20 10:12:15.964612,alex,142963.0,142963.0,0.0
v,2021-10-20 10:12:15.964612,2021-10-20 10:12:16.105199,alex,140587.0,124990.0,-15597.0
e,2021-10-20 10:12:16.089602,2021-10-20 10:12:16.261425,alex,171823.0,140584.0,-31239.0
r,2021-10-20 10:12:16.230186,2021-10-20 10:12:16.308289,alex,78103.0,171819.0,93716.0
y,2021-10-20 10:12:16.402005,2021-10-20 10:12:16.480128,alex,78123.0,484279.0,406156.0
[space],2021-10-20 10:12:16.886284,2021-10-20 10:12:16.995629,alex,109345.0,265546.0,156201.0
l,2021-10-20 10:12:17.151830,2021-10-20 10:12:17.276811,alex,124981.0,93742.0,-31239.0
e,2021-10-20 10:12:17.245572,2021-10-20 10:12:17.386153,alex,140581.0,109345.0,-31236.0
t,2021-10-20 10:12:17.354917,2021-10-20 10:12:17.448649,alex,93732.0,156215.0,62483.0
t,2021-10-20 10:12:17.511132,2021-10-20 10:12:17.604851,alex,93719.0,62481.0,-31238.0
e,2021-10-20 10:12:17.573613,2021-10-20 10:12:17.823554,alex,249941.0,140599.0,-109342.0
r,2021-10-20 10:12:17.714212,2021-10-20 10:12:17.839176,alex,124964.0,78103.0,-46861.0
[space],2021-10-20 10:12:17.792315,2021-10-20 10:12:17.921146,alex,128831.0,316213.0,187382.0
o,2021-10-20 10:12:18.108528,2021-10-20 10:12:18.264714,alex,156186.0,140650.0,-15536.0
f,2021-10-20 10:12:18.249178,2021-10-20 10:12:18.374165,alex,124987.0,78123.0,-46864.0
[space],2021-10-20 10:12:18.327301,2021-10-20 10:12:18.452260,alex,124959.0,140580.0,15621.0
t,2021-10-20 10:12:18.467881,2021-10-20 10:12:18.577242,alex,109361.0,124982.0,15621.0
h,2021-10-20 10:12:18.592863,2021-10-20 10:12:18.733322,alex,140459.0,124960.0,-15499.0
e,2021-10-20 10:12:18.717823,2021-10-20 10:12:18.858432,alex,140609.0,62500.0,-78109.0
[space],2021-10-20 10:12:18.780323,2021-10-20 10:12:18.920910,alex,140587.0,437404.0,296817.0
a,2021-10-20 10:12:19.217727,2021-10-20 10:12:19.358308,alex,140581.0,109340.0,-31241.0
l,2021-10-20 10:12:19.327067,2021-10-20 10:12:19.436414,alex,109347.0,203080.0,93733.0
p,2021-10-20 10:12:19.530147,2021-10-20 10:12:19.608250,alex,78103.0,203079.0,124976.0
h,2021-10-20 10:12:19.733226,2021-10-20 10:12:19.858196,alex,124970.0,124970.0,0.0
a,2021-10-20 10:12:19.858196,2021-10-20 10:12:20.029917,alex,171721.0,234318.0,62597.0
b,2021-10-20 10:12:20.092514,2021-10-20 10:12:20.217478,alex,124964.0,140581.0,15617.0
e,2021-10-20 10:12:20.233095,2021-10-20 10:12:20.436077,alex,202982.0,124983.0,-77999.0
t,2021-10-20 10:12:20.358078,2021-10-20 10:12:20.498648,alex,140570.0,93717.0,-46853.0
[space],2021-10-20 10:12:20.451795,2021-10-20 10:12:20.576771,alex,124976.0,140492.0,15516.0
a,2021-10-20 10:12:20.592287,2021-10-20 10:12:20.748592,alex,156305.0,109449.0,-46856.0
t,2021-10-20 10:12:20.701736,2021-10-20 10:12:20.826715,alex,124979.0,124979.0,0.0
[space],2021-10-20 10:12:20.826715,2021-10-20 10:12:20.962463,alex,135748.0,135748.0,0.0
l,2021-10-20 10:12:20.962463,2021-10-20 10:12:21.087433,alex,124970.0,93862.0,-31108.0
e,2021-10-20 10:12:21.056325,2021-10-20 10:12:21.212410,alex,156085.0,93719.0,-62366.0
a,2021-10-20 10:12:21.150044,2021-10-20 10:12:21.274890,alex,124846.0,109362.0,-15484.0
s,2021-10-20 10:12:21.259406,2021-10-20 10:12:21.415609,alex,156203.0,171824.0,15621.0
t,2021-10-20 10:12:21.431230,2021-10-20 10:12:21.585846,alex,154616.0,100089.0,-54527.0
[space],2021-10-20 10:12:21.531319,2021-10-20 10:12:21.642814,alex,111495.0,80115.0,-31380.0
o,2021-10-20 10:12:21.611434,2021-10-20 10:12:21.814634,alex,203200.0,109483.0,-93717.0
n,2021-10-20 10:12:21.720917,2021-10-20 10:12:21.861377,alex,140460.0,140460.0,0.0
c,2021-10-20 10:12:21.861377,2021-10-20 10:12:22.048957,alex,187580.0,140592.0,-46988.0
e,2021-10-20 10:12:22.001969,2021-10-20 10:12:22.205180,alex,203211.0,93729.0,-109482.0
[space],2021-10-20 10:12:22.095698,2021-10-20 10:12:22.254436,alex,158738.0,321681.0,162943.0
[maj],2021-10-20 10:12:22.417379,2021-10-20 10:12:22.589217,alex,171838.0,109347.0,-62491.0
t,2021-10-20 10:12:22.526726,2021-10-20 10:12:22.604709,alex,77983.0,109344.0,31361.0
h,2021-10-20 10:12:22.636070,2021-10-20 10:12:22.760912,alex,124842.0,140461.0,15619.0
a,2021-10-20 10:12:22.776531,2021-10-20 10:12:22.917255,alex,140724.0,359428.0,218704.0
[backspace],2021-10-20 10:12:23.135959,2021-10-20 10:12:23.198428,alex,62469.0,46855.0,-15614.0
e,2021-10-20 10:12:23.182814,2021-10-20 10:12:23.339034,alex,156220.0,78093.0,-78127.0
[space],2021-10-20 10:12:23.260907,2021-10-20 10:12:23.417137,alex,156230.0,156230.0,0.0
m,2021-10-20 10:12:23.417137,2021-10-20 10:12:23.542114,alex,124977.0,203082.0,78105.0
o,2021-10-20 10:12:23.620219,2021-10-20 10:12:23.729554,alex,109335.0,93717.0,-15618.0
s,2021-10-20 10:12:23.713936,2021-10-20 10:12:23.838917,alex,124981.0,156224.0,31243.0
t,2021-10-20 10:12:23.870160,2021-10-20 10:12:23.979494,alex,109334.0,78102.0,-31232.0
[space],2021-10-20 10:12:23.948262,2021-10-20 10:12:24.041914,alex,93652.0,171839.0,78187.0
f,2021-10-20 10:12:24.120101,2021-10-20 10:12:24.229439,alex,109338.0,249943.0,140605.0
a,2021-10-20 10:12:24.370044,2021-10-20 10:12:24.494998,alex,124954.0,203079.0,78125.0
m,2021-10-20 10:12:24.573123,2021-10-20 10:12:24.698087,alex,124964.0,234317.0,109353.0
o,2021-10-20 10:12:24.807440,2021-10-20 10:12:25.012768,alex,205328.0,142848.0,-62480.0
u,2021-10-20 10:12:24.950288,2021-10-20 10:12:25.090770,alex,140482.0,156196.0,15714.0
s,2021-10-20 10:12:25.106484,2021-10-20 10:12:25.309564,alex,203080.0,124984.0,-78096.0
[space],2021-10-20 10:12:25.231468,2021-10-20 10:12:25.372070,alex,140602.0,577983.0,437381.0
p,2021-10-20 10:12:25.809451,2021-10-20 10:12:25.903189,alex,93738.0,156221.0,62483.0
a,2021-10-20 10:12:25.965672,2021-10-20 10:12:26.059386,alex,93714.0,93714.0,0.0
n,2021-10-20 10:12:26.059386,2021-10-20 10:12:26.153129,alex,93743.0,187476.0,93733.0
g,2021-10-20 10:12:26.246862,2021-10-20 10:12:26.340453,alex,93591.0,203072.0,109481.0
r,2021-10-20 10:12:26.449934,2021-10-20 10:12:26.543662,alex,93728.0,62480.0,-31248.0
a,2021-10-20 10:12:26.512414,2021-10-20 10:12:26.606014,alex,93600.0,62478.0,-31122.0
m,2021-10-20 10:12:26.574892,2021-10-20 10:12:26.699876,alex,124984.0,156224.0,31240.0
[space],2021-10-20 10:12:26.731116,2021-10-20 10:12:26.824831,alex,93715.0,124873.0,31158.0
i,2021-10-20 10:12:26.855989,2021-10-20 10:12:26.981048,alex,125059.0,125059.0,0.0
s,2021-10-20 10:12:26.981048,2021-10-20 10:12:27.105896,alex,124848.0,78110.0,-46738.0
[space],2021-10-20 10:12:27.059158,2021-10-20 10:12:27.184143,alex,124985.0,218703.0,93718.0
p,2021-10-20 10:12:27.277861,2021-10-20 10:12:27.387216,alex,109355.0,156223.0,46868.0
r,2021-10-20 10:12:27.434084,2021-10-20 10:12:27.543419,alex,109335.0,408518.0,299183.0
o,2021-10-20 10:12:27.842602,2021-10-20 10:12:27.948493,alex,105891.0,152761.0,46870.0
b,2021-10-20 10:12:27.995363,2021-10-20 10:12:28.120338,alex,124975.0,312431.0,187456.0
a,2021-10-20 10:12:28.307794,2021-10-20 10:12:28.435620,alex,127826.0,143313.0,15487.0
b,2021-10-20 10:12:28.451107,2021-10-20 10:12:28.529344,alex,78237.0,78237.0,0.0
l,2021-10-20 10:12:28.529344,2021-10-20 10:12:28.654182,alex,124838.0,312421.0,187583.0
y,2021-10-20 10:12:28.841765,2021-10-20 10:12:28.997987,alex,156222.0,211963.0,55741.0
[space],2021-10-20 10:12:29.053728,2021-10-20 10:12:29.147596,alex,93868.0,156347.0,62479.0
t,2021-10-20 10:12:29.210075,2021-10-20 10:12:29.319294,alex,109219.0,78088.0,-31131.0
h,2021-10-20 10:12:29.288163,2021-10-20 10:12:29.397398,alex,109235.0,124889.0,15654.0
e,2021-10-20 10:12:29.413052,2021-10-20 10:12:29.600612,alex,187560.0,93820.0,-93740.0
[space],2021-10-20 10:12:29.506872,2021-10-20 10:12:29.663094,alex,156222.0,593628.0,437406.0
t,2021-10-20 10:12:30.100500,2021-10-20 10:12:30.209840,alex,109340.0,109340.0,0.0
h,2021-10-20 10:12:30.209840,2021-10-20 10:12:30.334711,alex,124871.0,296811.0,171940.0
i,2021-10-20 10:12:30.506651,2021-10-20 10:12:30.662859,alex,156208.0,156208.0,0.0
r,2021-10-20 10:12:30.662859,2021-10-20 10:12:30.756597,alex,93738.0,203088.0,109350.0
t,2021-10-20 10:12:30.865947,2021-10-20 10:12:30.959657,alex,93710.0,296798.0,203088.0
y,2021-10-20 10:12:31.162745,2021-10-20 10:12:31.303322,alex,140577.0,421777.0,281200.0
[space],2021-10-20 10:12:31.584522,2021-10-20 10:12:31.693867,alex,109345.0,187458.0,78113.0
f,2021-10-20 10:12:31.771980,2021-10-20 10:12:31.865683,alex,93703.0,77970.0,-15733.0
i,2021-10-20 10:12:31.849950,2021-10-20 10:12:31.990669,alex,140719.0,203210.0,62491.0
v,2021-10-20 10:12:32.053160,2021-10-20 10:12:32.209377,alex,156217.0,93730.0,-62487.0
e,2021-10-20 10:12:32.146890,2021-10-20 10:12:32.318708,alex,171818.0,93721.0,-78097.0
[space],2021-10-20 10:12:32.240611,2021-10-20 10:12:32.381210,alex,140599.0,281178.0,140579.0
l,2021-10-20 10:12:32.521789,2021-10-20 10:12:32.646767,alex,124978.0,109223.0,-15755.0
e,2021-10-20 10:12:32.631012,2021-10-20 10:12:32.787354,alex,156342.0,93863.0,-62479.0
t,2021-10-20 10:12:32.724875,2021-10-20 10:12:32.818592,alex,93717.0,156217.0,62500.0
t,2021-10-20 10:12:32.881092,2021-10-20 10:12:33.006052,alex,124960.0,93724.0,-31236.0
e,2021-10-20 10:12:32.974816,2021-10-20 10:12:33.177758,alex,202942.0,124950.0,-77992.0
r,2021-10-20 10:12:33.099766,2021-10-20 10:12:33.224622,alex,124856.0,62506.0,-62350.0
[space],2021-10-20 10:12:33.162272,2021-10-20 10:12:33.287236,alex,124964.0,93725.0,-31239.0
l,2021-10-20 10:12:33.255997,2021-10-20 10:12:33.334094,alex,78097.0,203110.0,125013.0
o,2021-10-20 10:12:33.459107,2021-10-20 10:12:33.693397,alex,234290.0,124926.0,-109364.0
n,2021-10-20 10:12:33.584033,2021-10-20 10:12:33.724639,alex,140606.0,93743.0,-46863.0
g,2021-10-20 10:12:33.677776,2021-10-20 10:12:33.833977,alex,156201.0,109342.0,-46859.0
[space],2021-10-20 10:12:33.787118,2021-10-20 10:12:33.912097,alex,124979.0,296817.0,171838.0
[maj],2021-10-20 10:12:34.083935,2021-10-20 10:12:34.302621,alex,218686.0,140588.0,-78098.0
t,2021-10-20 10:12:34.224523,2021-10-20 10:12:34.318239,alex,93716.0,156190.0,62474.0
h,2021-10-20 10:12:34.380713,2021-10-20 10:12:34.505703,alex,124990.0,93750.0,-31240.0
e,2021-10-20 10:12:34.474463,2021-10-20 10:12:34.646302,alex,171839.0,109345.0,-62494.0
[space],2021-10-20 10:12:34.583808,2021-10-20 10:12:34.724306,alex,140498.0,281190.0,140692.0
q,2021-10-20 10:12:34.864998,2021-10-20 10:12:34.989964,alex,124966.0,78104.0,-46862.0
u,2021-10-20 10:12:34.943102,2021-10-20 10:12:35.099181,alex,156079.0,109344.0,-46735.0
i,2021-10-20 10:12:35.052446,2021-10-20 10:12:35.177313,alex,124867.0,124867.0,0.0
c,2021-10-20 10:12:35.177313,2021-10-20 10:12:35.255533,alex,78220.0,140696.0,62476.0
k,2021-10-20 10:12:35.318009,2021-10-20 10:12:35.442884,alex,124875.0,109356.0,-15519.0
[space],2021-10-20 10:12:35.427365,2021-10-20 10:12:35.552328,alex,124963.0,328051.0,203088.0
b,2021-10-20 10:12:35.755416,2021-10-20 10:12:35.864746,alex,109330.0,159426.0,50096.0
r,2021-10-20 10:12:35.914842,2021-10-20 10:12:36.039948,alex,125106.0,203215.0,78109.0
o,2021-10-20 10:12:36.118057,2021-10-20 10:12:36.227405,alex,109348.0,156213.0,46865.0
w,2021-10-20 10:12:36.274270,2021-10-20 10:12:36.399231,alex,124961.0,218698.0,93737.0
n,2021-10-20 10:12:36.492968,2021-10-20 10:12:36.602311,alex,109343.0,343668.0,234325.0
[space],2021-10-20 10:12:36.836636,2021-10-20 10:12:36.961472,alex,124836.0,296799.0,171963.0
g,2021-10-20 10:12:37.133435,2021-10-20 10:12:37.195912,alex,62477.0,109357.0,46880.0
o,2021-10-20 10:12:37.242792,2021-10-20 10:12:37.352136,alex,109344.0,234217.0,124873.0
x,2021-10-20 10:12:37.477009,2021-10-20 10:12:37.664568,alex,187559.0,187559.0,0.0
[space],2021-10-20 10:12:37.664568,2021-10-20 10:12:37.773917,alex,109349.0,171832.0,62483.0
[backspace],2021-10-20 10:12:37.836400,2021-10-20 10:12:37.898877,alex,62477.0,156159.0,93682.0
[backspace],2021-10-20 10:12:37.992559,2021-10-20 10:12:38.039477,alex,46918.0,125021.0,78103.0
[backspace],2021-10-20 10:12:38.117580,2021-10-20 10:12:38.164444,alex,46864.0,124842.0,77978.0
[backspace],2021-10-20 10:12:38.242422,2021-10-20 10:12:38.320662,alex,78240.0,265701.0,187461.0
f,2021-10-20 10:12:38.508123,2021-10-20 10:12:38.633084,alex,124961.0,124961.0,0.0
o,2021-10-20 10:12:38.633084,2021-10-20 10:12:38.742308,alex,109224.0,124966.0,15742.0
x,2021-10-20 10:12:38.758050,2021-10-20 10:12:38.898644,alex,140594.0,109354.0,-31240.0
[space],2021-10-20 10:12:38.867404,2021-10-20 10:12:38.992244,alex,124840.0,296804.0,171964.0
j,2021-10-20 10:12:39.164208,2021-10-20 10:12:39.304810,alex,140602.0,249949.0,109347.0
u,2021-10-20 10:12:39.414157,2021-10-20 10:12:39.492125,alex,77968.0,249934.0,171966.0
m,2021-10-20 10:12:39.664091,2021-10-20 10:12:39.757693,alex,93602.0,203100.0,109498.0
p,2021-10-20 10:12:39.867191,2021-10-20 10:12:39.960888,alex,93697.0,93697.0,0.0
s,2021-10-20 10:12:39.960888,2021-10-20 10:12:40.132731,alex,171843.0,124982.0,-46861.0
[space],2021-10-20 10:12:40.085870,2021-10-20 10:12:40.242073,alex,156203.0,359296.0,203093.0
o,2021-10-20 10:12:40.445166,2021-10-20 10:12:40.570132,alex,124966.0,140586.0,15620.0
v,2021-10-20 10:12:40.585752,2021-10-20 10:12:40.726210,alex,140458.0,124967.0,-15491.0
e,2021-10-20 10:12:40.710719,2021-10-20 10:12:40.913797,alex,203078.0,140597.0,-62481.0
r,2021-10-20 10:12:40.851316,2021-10-20 10:12:40.945036,alex,93720.0,109212.0,15492.0
[space],2021-10-20 10:12:40.960528,2021-10-20 10:12:41.116876,alex,156348.0,156348.0,0.0
t,2021-10-20 10:12:41.116876,2021-10-20 10:12:41.210600,alex,93724.0,93724.0,0.0
h,2021-10-20 10:12:41.210600,2021-10-20 10:12:41.319956,alex,109356.0,124972.0,15616.0
e,2021-10-20 10:12:41.335572,2021-10-20 10:12:41.522929,alex,187357.0,109347.0,-78010.0
[space],2021-10-20 10:12:41.444919,2021-10-20 10:12:41.585518,alex,140599.0,406163.0,265564.0
l,2021-10-20 10:12:41.851082,2021-10-20 10:12:41.991661,alex,140579.0,531125.0,390546.0
z,2021-10-20 10:12:42.382207,2021-10-20 10:12:42.507160,alex,124953.0,593603.0,468650.0
[backspace],2021-10-20 10:12:42.975810,2021-10-20 10:12:43.053791,alex,77981.0,109357.0,31376.0
a,2021-10-20 10:12:43.085167,2021-10-20 10:12:43.241367,alex,156200.0,203059.0,46859.0
z,2021-10-20 10:12:43.288226,2021-10-20 10:12:43.444455,alex,156229.0,734201.0,577972.0
y,2021-10-20 10:12:44.022427,2021-10-20 10:12:44.116171,alex,93744.0,109361.0,15617.0
[space],2021-10-20 10:12:44.131788,2021-10-20 10:12:44.272374,alex,140586.0,281193.0,140607.0
d,2021-10-20 10:12:44.412981,2021-10-20 10:12:44.444084,alex,31103.0,390535.0,359432.0
g,2021-10-20 10:12:44.803516,2021-10-20 10:12:44.912858,alex,109342.0,359288.0,249946.0
[backspace],2021-10-20 10:12:45.162804,2021-10-20 10:12:45.256519,alex,93715.0,93715.0,0.0
o,2021-10-20 10:12:45.256519,2021-10-20 10:12:45.397131,alex,140612.0,77985.0,-62627.0
g,2021-10-20 10:12:45.334504,2021-10-20 10:12:45.443985,alex,109481.0,265595.0,156114.0
[space],2021-10-20 10:12:45.600099,2021-10-20 10:12:45.725163,alex,125064.0,515604.0,390540.0
w,2021-10-20 10:12:46.115703,2021-10-20 10:12:46.240569,alex,124866.0,109342.0,-15524.0
h,2021-10-20 10:12:46.225045,2021-10-20 10:12:46.396749,alex,171704.0,109222.0,-62482.0
i,2021-10-20 10:12:46.334267,2021-10-20 10:12:46.443749,alex,109482.0,78238.0,-31244.0
c,2021-10-20 10:12:46.412505,2021-10-20 10:12:46.521847,alex,109342.0,109342.0,0.0
h,2021-10-20 10:12:46.521847,2021-10-20 10:12:46.615586,alex,93739.0,109356.0,15617.0
[space],2021-10-20 10:12:46.631203,2021-10-20 10:12:46.756168,alex,124965.0,124965.0,0.0
h,2021-10-20 10:12:46.756168,2021-10-20 10:12:46.865523,alex,109355.0,78094.0,-31261.0
a,2021-10-20 10:12:46.834262,2021-10-20 10:12:46.976868,alex,142606.0,127084.0,-15522.0
s,2021-10-20 10:12:46.961346,2021-10-20 10:12:47.164431,alex,203085.0,140583.0,-62502.0
[space],2021-10-20 10:12:47.101929,2021-10-20 10:12:47.226910,alex,124981.0,265564.0,140583.0
b,2021-10-20 10:12:47.367493,2021-10-20 10:12:47.539336,alex,171843.0,359166.0,187323.0
e,2021-10-20 10:12:47.726659,2021-10-20 10:12:47.867378,alex,140719.0,437540.0,296821.0
e,2021-10-20 10:12:48.164199,2021-10-20 10:12:48.242303,alex,78104.0,109337.0,31233.0
n,2021-10-20 10:12:48.273536,2021-10-20 10:12:48.460999,alex,187463.0,187463.0,0.0
[space],2021-10-20 10:12:48.460999,2021-10-20 10:12:48.617202,alex,156203.0,468636.0,312433.0
u,2021-10-20 10:12:48.929635,2021-10-20 10:12:49.070125,alex,140490.0,124971.0,-15519.0
s,2021-10-20 10:12:49.054606,2021-10-20 10:12:49.163823,alex,109217.0,203080.0,93863.0
e,2021-10-20 10:12:49.257686,2021-10-20 10:12:49.445141,alex,187455.0,109339.0,-78116.0
d,2021-10-20 10:12:49.367025,2021-10-20 10:12:49.492009,alex,124984.0,93733.0,-31251.0
[space],2021-10-20 10:12:49.460758,2021-10-20 10:12:49.585725,alex,124967.0,171827.0,46860.0
t,2021-10-20 10:12:49.632585,2021-10-20 10:12:49.757567,alex,124982.0,93739.0,-31243.0
o,2021-10-20 10:12:49.726324,2021-10-20 10:12:49.835666,alex,109342.0,109342.0,0.0
[space],2021-10-20 10:12:49.835666,2021-10-20 10:12:49.960632,alex,124966.0,124966.0,0.0
t,2021-10-20 10:12:49.960632,2021-10-20 10:12:50.101227,alex,140595.0,93739.0,-46856.0
e,2021-10-20 10:12:50.054371,2021-10-20 10:12:50.179212,alex,124841.0,187461.0,62620.0
s,2021-10-20 10:12:50.241832,2021-10-20 10:12:50.429287,alex,187455.0,202936.0,15481.0
t,2021-10-20 10:12:50.444768,2021-10-20 10:12:50.569874,alex,125106.0,62627.0,-62479.0
[space],2021-10-20 10:12:50.507395,2021-10-20 10:12:50.647969,alex,140574.0,798757.0,658183.0
t,2021-10-20 10:12:51.306152,2021-10-20 10:12:51.415489,alex,109337.0,124971.0,15634.0
y,2021-10-20 10:12:51.431123,2021-10-20 10:12:51.538306,alex,107183.0,216548.0,109365.0
p,2021-10-20 10:12:51.647671,2021-10-20 10:12:51.772635,alex,124964.0,281166.0,156202.0
i,2021-10-20 10:12:51.928837,2021-10-20 10:12:52.131792,alex,202955.0,124847.0,-78108.0
n,2021-10-20 10:12:52.053684,2021-10-20 10:12:52.178773,alex,125089.0,62568.0,-62521.0
g,2021-10-20 10:12:52.116252,2021-10-20 10:12:52.323041,alex,206789.0,144162.0,-62627.0
[space],2021-10-20 10:12:52.260414,2021-10-20 10:12:52.416765,alex,156351.0,343806.0,187455.0
t,2021-10-20 10:12:52.604220,2021-10-20 10:12:52.635457,alex,31237.0,265559.0,234322.0
[backspace],2021-10-20 10:12:52.869779,2021-10-20 10:12:52.932263,alex,62484.0,31240.0,-31244.0
e,2021-10-20 10:12:52.901019,2021-10-20 10:12:53.041618,alex,140599.0,218701.0,78102.0
q,2021-10-20 10:12:53.119720,2021-10-20 10:12:53.244683,alex,124963.0,140578.0,15615.0
u,2021-10-20 10:12:53.260298,2021-10-20 10:12:53.432145,alex,171847.0,109365.0,-62482.0
i,2021-10-20 10:12:53.369663,2021-10-20 10:12:53.510240,alex,140577.0,281054.0,140477.0
p,2021-10-20 10:12:53.650717,2021-10-20 10:12:53.744559,alex,93842.0,218831.0,124989.0
m,2021-10-20 10:12:53.869548,2021-10-20 10:12:53.994381,alex,124833.0,124833.0,0.0
e,2021-10-20 10:12:53.994381,2021-10-20 10:12:54.103867,alex,109486.0,125090.0,15604.0
n,2021-10-20 10:12:54.119471,2021-10-20 10:12:54.244448,alex,124977.0,93737.0,-31240.0
t,2021-10-20 10:12:54.213208,2021-10-20 10:12:54.463150,alex,249942.0,218703.0,-31239.0
[space],2021-10-20 10:12:54.431911,2021-10-20 10:12:54.588132,alex,156221.0,499889.0,343668.0
s,2021-10-20 10:12:54.931800,2021-10-20 10:12:55.088010,alex,156210.0,93712.0,-62498.0
i,2021-10-20 10:12:55.025512,2021-10-20 10:12:55.197353,alex,171841.0,93739.0,-78102.0
n,2021-10-20 10:12:55.119251,2021-10-20 10:12:55.275452,alex,156201.0,187460.0,31259.0
c,2021-10-20 10:12:55.306711,2021-10-20 10:12:55.462914,alex,156203.0,140584.0,-15619.0
e,2021-10-20 10:12:55.447295,2021-10-20 10:12:55.634755,alex,187460.0,109219.0,-78241.0
[space],2021-10-20 10:12:55.556514,2021-10-20 10:12:55.712863,alex,156349.0,187585.0,31236.0
a,2021-10-20 10:12:55.744099,2021-10-20 10:12:55.947180,alex,203081.0,140598.0,-62483.0
t,2021-10-20 10:12:55.884697,2021-10-20 10:12:56.056397,alex,171700.0,140585.0,-31115.0
[space],2021-10-20 10:12:56.025282,2021-10-20 10:12:56.150257,alex,124975.0,156085.0,31110.0
l,2021-10-20 10:12:56.181367,2021-10-20 10:12:56.337721,alex,156354.0,109466.0,-46888.0
e,2021-10-20 10:12:56.290833,2021-10-20 10:12:56.415824,alex,124991.0,62499.0,-62492.0
s,2021-10-20 10:12:56.353332,2021-10-20 10:12:56.540795,alex,187463.0,609236.0,421773.0
[backspace],2021-10-20 10:12:56.962568,2021-10-20 10:12:57.056278,alex,93710.0,124836.0,31126.0
a,2021-10-20 10:12:57.087404,2021-10-20 10:12:57.290606,alex,203202.0,296942.0,93740.0
s,2021-10-20 10:12:57.384346,2021-10-20 10:12:57.540547,alex,156201.0,218698.0,62497.0
t,2021-10-20 10:12:57.603044,2021-10-20 10:12:57.712392,alex,109348.0,232001.0,122653.0
[space],2021-10-20 10:12:57.835045,2021-10-20 10:12:57.933450,alex,98405.0,145251.0,46846.0
t,2021-10-20 10:12:57.980296,2021-10-20 10:12:58.074009,alex,93713.0,124947.0,31234.0
h,2021-10-20 10:12:58.105243,2021-10-20 10:12:58.277090,alex,171847.0,124987.0,-46860.0
e,2021-10-20 10:12:58.230230,2021-10-20 10:12:58.384464,alex,154234.0,78105.0,-76129.0
[space],2021-10-20 10:12:58.308335,2021-10-20 10:12:58.466086,alex,157751.0,173368.0,15617.0
l,2021-10-20 10:12:58.481703,2021-10-20 10:12:58.606661,alex,124958.0,109343.0,-15615.0
a,2021-10-20 10:12:58.591046,2021-10-20 10:12:58.747271,alex,156225.0,109362.0,-46863.0
t,2021-10-20 10:12:58.700408,2021-10-20 10:12:58.856610,alex,156202.0,93716.0,-62486.0
e,2021-10-20 10:12:58.794124,2021-10-20 10:12:58.981588,alex,187464.0,93603.0,-93861.0
[space],2021-10-20 10:12:58.887727,2021-10-20 10:12:59.048146,alex,160419.0,478412.0,317993.0
1,2021-10-20 10:12:59.366139,2021-10-20 10:12:59.506595,alex,140456.0,124960.0,-15496.0
8,2021-10-20 10:12:59.491099,2021-10-20 10:12:59.662811,alex,171712.0,156225.0,-15487.0
0,2021-10-20 10:12:59.647324,2021-10-20 10:12:59.787903,alex,140579.0,203078.0,62499.0
0,2021-10-20 10:12:59.850402,2021-10-20 10:13:00.053478,alex,203076.0,203076.0,0.0
s,2021-10-20 10:13:00.053478,2021-10-20 10:13:00.194068,alex,140590.0,1462067.0,1321477.0
[space],2021-10-20 10:13:01.515545,2021-10-20 10:13:01.593675,alex,78130.0,124986.0,46856.0
[maj],2021-10-20 10:13:01.640531,2021-10-20 10:13:02.031070,alex,390539.0,218700.0,-171839.0
w,2021-10-20 10:13:01.859231,2021-10-20 10:13:01.984186,alex,124955.0,468642.0,343687.0
h,2021-10-20 10:13:02.327873,2021-10-20 10:13:02.452833,alex,124960.0,124960.0,0.0
e,2021-10-20 10:13:02.452833,2021-10-20 10:13:02.562192,alex,109359.0,124846.0,15487.0
n,2021-10-20 10:13:02.577679,2021-10-20 10:13:02.734013,alex,156334.0,156334.0,0.0
[space],2021-10-20 10:13:02.734013,2021-10-20 10:13:02.890236,alex,156223.0,406152.0,249929.0
c,2021-10-20 10:13:03.140165,2021-10-20 10:13:03.249510,alex,109345.0,78115.0,-31230.0
o,2021-10-20 10:13:03.218280,2021-10-20 10:13:03.312017,alex,93737.0,218572.0,124835.0
m,2021-10-20 10:13:03.436852,2021-10-20 10:13:03.468221,alex,31369.0,125105.0,93736.0
p,2021-10-20 10:13:03.561957,2021-10-20 10:13:03.671305,alex,109348.0,109348.0,0.0
a,2021-10-20 10:13:03.671305,2021-10-20 10:13:03.827521,alex,156216.0,93709.0,-62507.0
r,2021-10-20 10:13:03.765014,2021-10-20 10:13:03.890001,alex,124987.0,140596.0,15609.0
i,2021-10-20 10:13:03.905610,2021-10-20 10:13:04.124324,alex,218714.0,109345.0,-109369.0
n,2021-10-20 10:13:04.014955,2021-10-20 10:13:04.171187,alex,156232.0,109369.0,-46863.0
g,2021-10-20 10:13:04.124324,2021-10-20 10:13:04.264901,alex,140577.0,93723.0,-46854.0
[space],2021-10-20 10:13:04.218047,2021-10-20 10:13:04.343014,alex,124967.0,156221.0,31254.0
t,2021-10-20 10:13:04.374268,2021-10-20 10:13:04.483603,alex,109335.0,78097.0,-31238.0
h,2021-10-20 10:13:04.452365,2021-10-20 10:13:04.561723,alex,109358.0,109358.0,0.0
e,2021-10-20 10:13:04.561723,2021-10-20 10:13:04.733547,alex,171824.0,78109.0,-93715.0
[space],2021-10-20 10:13:04.639832,2021-10-20 10:13:04.811663,alex,171831.0,484159.0,312328.0
t,2021-10-20 10:13:05.123991,2021-10-20 10:13:05.217814,alex,93823.0,234418.0,140595.0
w,2021-10-20 10:13:05.358409,2021-10-20 10:13:05.483371,alex,124962.0,140586.0,15624.0
o,2021-10-20 10:13:05.498995,2021-10-20 10:13:05.623974,alex,124979.0,218710.0,93731.0
[space],2021-10-20 10:13:05.717705,2021-10-20 10:13:05.827051,alex,109346.0,249933.0,140587.0
b,2021-10-20 10:13:05.967638,2021-10-20 10:13:06.076948,alex,109310.0,124973.0,15663.0
r,2021-10-20 10:13:06.092611,2021-10-20 10:13:06.217578,alex,124967.0,124967.0,0.0
o,2021-10-20 10:13:06.217578,2021-10-20 10:13:06.326797,alex,109219.0,124839.0,15620.0
w,2021-10-20 10:13:06.342417,2021-10-20 10:13:06.467527,alex,125110.0,250082.0,124972.0
s,2021-10-20 10:13:06.592499,2021-10-20 10:13:06.701840,alex,109341.0,203092.0,93751.0
e,2021-10-20 10:13:06.795591,2021-10-20 10:13:06.920549,alex,124958.0,78088.0,-46870.0
r,2021-10-20 10:13:06.873679,2021-10-20 10:13:06.998642,alex,124963.0,156204.0,31241.0
s,2021-10-20 10:13:07.029883,2021-10-20 10:13:07.201721,alex,171838.0,109361.0,-62477.0
[space],2021-10-20 10:13:07.139244,2021-10-20 10:13:07.279697,alex,140453.0,171818.0,31365.0
b,2021-10-20 10:13:07.311062,2021-10-20 10:13:07.404801,alex,93739.0,156225.0,62486.0
o,2021-10-20 10:13:07.467287,2021-10-20 10:13:07.576504,alex,109217.0,93593.0,-15624.0
t,2021-10-20 10:13:07.560880,2021-10-20 10:13:07.654742,alex,93862.0,109349.0,15487.0
h,2021-10-20 10:13:07.670229,2021-10-20 10:13:07.779705,alex,109476.0,109476.0,0.0
[space],2021-10-20 10:13:07.779705,2021-10-20 10:13:07.904688,alex,124983.0,187469.0,62486.0
[maj],2021-10-20 10:13:07.967174,2021-10-20 10:13:08.170245,alex,203071.0,93712.0,-109359.0
f,2021-10-20 10:13:08.060886,2021-10-20 10:13:08.170245,alex,109359.0,171844.0,62485.0
i,2021-10-20 10:13:08.232730,2021-10-20 10:13:08.357689,alex,124959.0,218706.0,93747.0
r,2021-10-20 10:13:08.451436,2021-10-20 10:13:08.607511,alex,156075.0,109342.0,-46733.0
e,2021-10-20 10:13:08.560778,2021-10-20 10:13:08.638891,alex,78113.0,218704.0,140591.0
f,2021-10-20 10:13:08.779482,2021-10-20 10:13:08.906307,alex,126825.0,236306.0,109481.0
o,2021-10-20 10:13:09.015788,2021-10-20 10:13:09.140631,alex,124843.0,124843.0,0.0
x,2021-10-20 10:13:09.140631,2021-10-20 10:13:09.265729,alex,125098.0,187582.0,62484.0
[space],2021-10-20 10:13:09.328213,2021-10-20 10:13:09.421960,alex,93747.0,140597.0,46850.0
a,2021-10-20 10:13:09.468810,2021-10-20 10:13:09.578174,alex,109364.0,437340.0,327976.0
n,2021-10-20 10:13:09.906150,2021-10-20 10:13:10.062413,alex,156263.0,125023.0,-31240.0
d,2021-10-20 10:13:10.031173,2021-10-20 10:13:10.171775,alex,140602.0,93718.0,-46884.0
[space],2021-10-20 10:13:10.124891,2021-10-20 10:13:10.218632,alex,93741.0,109352.0,15611.0
[maj],2021-10-20 10:13:10.234243,2021-10-20 10:13:10.374832,alex,140589.0,62490.0,-78099.0
b,2021-10-20 10:13:10.296733,2021-10-20 10:13:10.405958,alex,109225.0,140599.0,31374.0
r,2021-10-20 10:13:10.437332,2021-10-20 10:13:10.546664,alex,109332.0,124963.0,15631.0
a,2021-10-20 10:13:10.562295,2021-10-20 10:13:10.718515,alex,156220.0,218709.0,62489.0
v,2021-10-20 10:13:10.781004,2021-10-20 10:13:10.952830,alex,171826.0,140456.0,-31370.0
e,2021-10-20 10:13:10.921460,2021-10-20 10:13:11.062185,alex,140725.0,78237.0,-62488.0
[space],2021-10-20 10:13:10.999697,2021-10-20 10:13:11.140272,alex,140575.0,93725.0,-46850.0
o,2021-10-20 10:13:11.093422,2021-10-20 10:13:11.234022,alex,140600.0,171841.0,31241.0
f,2021-10-20 10:13:11.265263,2021-10-20 10:13:11.358979,alex,93716.0,218674.0,124958.0
f,2021-10-20 10:13:11.483937,2021-10-20 10:13:11.593304,alex,109367.0,328076.0,218709.0
e,2021-10-20 10:13:11.812013,2021-10-20 10:13:12.077553,alex,265540.0,124895.0,-140645.0
r,2021-10-20 10:13:11.936908,2021-10-20 10:13:12.077553,alex,140645.0,0.0,0.0
